Year,Month,Day,Hour,Minute,WeatherTest_30min3,WeatherTest_30min4,WeatherTest_30min5,WeatherTest_30min6,WeatherTest_30min7,WeatherTest_30min8,WeatherTest_30min9,WeatherTest_30min10,WeatherTest_30min11,WeatherTest_30min12,WeatherTest_30min13,WeatherTest_30min14,WeatherTest_30min15,WeatherTest_30min16,WeatherTest_30min17,WeatherTest_30min18
2019,4,3,11,0,9.3,3.4,1021.8,1025,32.1,5,12360,9.3,0,313.5,4.5,1021.3,1024.5,25.5,7.51,15960
2019,4,4,7,0,105.6,0.4,1021,1024.3,84.2,0.01,0,-0.6,0,0,0,1021.2,1024.5,78.2,0.38,2220
2019,4,4,9,30,328.9,2.4,1021.8,1025,62.6,2.36,7620,9.3,0,335.7,3.9,1021.7,1024.9,48.6,4.5,11220
2019,4,4,15,0,343.8,5.5,1020.1,1023.3,21.6,18.54,27420,11.8,0,344.6,3.2,1019.5,1022.6,19.6,21.2,31020
2019,4,4,16,30,316.1,2.2,1019.3,1022.4,18.4,22.28,32820,11.3,0,332,3.4,1019.3,1022.5,18.3,23.88,36420
2019,4,4,19,30,347.2,2.2,1019.9,1023.1,25.6,24.83,41880,6.1,0,339.3,2.8,1020.8,1024,25.3,24.83,41880
2019,4,5,1,0,0,0,1021.7,1025,73.1,0,0,0,0,5.8,0.7,1021.5,1024.8,76.1,0,0
2019,4,5,4,30,0,0,1021.4,1024.7,84.5,0,0,-1.6,0,13.8,0.3,1021.6,1024.9,87.5,0.01,0
2019,4,5,9,0,331.2,1.4,1022,1025.2,69.9,1.34,5820,8.2,0,333.3,2.3,1022.5,1025.7,61.6,3.14,9420
2019,4,6,6,0,355.7,0.4,1018.9,1022.2,97.1,0.01,0,-0.5,0,339.5,0.6,1019,1022.3,97.2,0.01,0
2019,4,6,22,0,213.4,3.9,1012.2,1015.4,94.4,24.57,40860,6.5,0,227.3,3.7,1011.3,1014.5,93.8,24.58,40860
2019,4,6,23,0,227.3,3.7,1011.3,1014.5,93.8,24.58,40860,6.6,0,336.6,3.3,1011.5,1014.7,87,24.58,40860
2019,4,7,0,30,326.6,3.5,1011.2,1014.4,86.3,24.58,40860,6.5,0,227,4.8,1010.4,1013.6,86.5,0,0
2019,4,7,18,0,336.8,5.4,1007.2,1010.3,22.8,20.7,27960,10.3,0,353.4,1.2,1007.6,1010.7,28.5,21.17,30480
2019,4,8,0,30,0,0,1010.6,1013.8,56.7,21.2,30480,3.1,0,19.5,0.7,1011.1,1014.3,62.3,0,0
2019,4,8,17,0,11.6,1.5,1006.6,1009.7,30.9,11.05,14460,13.8,0,344.3,1.6,1006.5,1009.6,35.6,11.39,14460
2019,4,9,12,0,347.2,1.6,1008.5,1011.5,32.9,8.14,11340,17.5,0,358.1,4.8,1007.5,1010.5,26.8,11.33,14940
2019,4,10,1,30,124.6,1.2,1009.5,1012.7,56.3,0,0,6.1,0,18.5,1.3,1009.3,1012.5,52,0,0
2019,4,11,2,30,346.2,1.5,1015.6,1018.8,65.5,0,0,6.5,0,14.4,1.2,1015,1018.2,56.5,0,0
2019,4,11,9,0,28.9,1.3,1014.4,1017.5,37.7,0.7,0,13.6,0,29.7,2.5,1014.2,1017.3,32.8,1.58,480
2019,4,11,9,30,28.4,0.1,1014.3,1017.4,35.6,1.04,0,14.4,0,33.2,3.9,1014,1017.1,31.7,2.32,1260
2019,4,12,4,30,19.1,2.5,1006.6,1009.8,94.2,0,0,5,1.4,14.9,2.5,1006.9,1010.1,96.5,0,0
2019,4,12,10,0,11.1,2,1009.4,1012.6,81.6,0.7,0,7.4,1.4,8.2,2.2,1009.8,1013,82.4,1.23,0
2019,4,12,16,30,4.5,2.3,1009.2,1012.3,74.3,5.05,0,9.1,1.4,356.8,3.3,1009.3,1012.4,71.7,5.89,180
2019,4,14,22,0,0,0,1017.2,1020.4,80.5,25.49,39960,6.1,0,0,0,1017.6,1020.8,88.3,25.49,39960
2019,4,15,7,30,18.6,0.3,1018.5,1021.7,93,0.13,0,6.1,0,0,0,1018.7,1021.9,82.3,0.81,3420
2019,4,15,22,30,264.4,0.3,1016.2,1019.4,58.1,23.89,35760,7.7,0,0,0.1,1015.9,1019.1,60.1,23.89,35760
2019,4,16,11,30,330.4,3.5,1013.4,1016.6,95.1,1.19,0,10.2,1.7,331.4,1.7,1012.8,1015.9,96.8,1.86,0
2019,4,17,10,0,278,3.9,1017.6,1020.8,63.8,3.5,10380,13,0,161.9,1.2,1017.4,1020.5,52.8,6.07,13980
2019,4,17,16,0,320.2,4.8,1016.4,1019.5,23.3,21.75,31980,16.1,0,274.3,4.1,1016.1,1019.2,27.9,23.88,35580
2019,4,18,14,0,312,1.3,1013.7,1016.7,12.9,15.22,24900,21.8,0,235.3,2.3,1013,1016,15.4,17.48,27780
2019,4,19,14,0,277.5,5,1009.7,1012.7,29.6,16.33,24900,20.9,0,280.3,5.1,1009.6,1012.6,38.8,19.53,28500
2019,4,20,3,0,325.7,1.3,1008,1011.1,94,0.01,0,9.2,0,31.4,0.6,1008.2,1011.3,97.2,0.01,0
2019,4,21,13,30,344.4,1.4,1013.1,1016.1,53.1,9.74,10020,17,0,356.6,2.8,1013.3,1016.4,64.3,10.8,10020
2019,4,21,16,30,350.9,1.2,1012,1015,53.7,14.04,13920,18.5,0,351.1,1.6,1011.7,1014.7,53.1,15.2,15480
2019,4,22,19,30,330.1,1.8,1010.5,1013.6,67.4,17.69,22620,15.7,0,236.5,1,1011.4,1014.5,67.5,17.7,22620
2019,4,23,8,30,336.5,0.6,1011.1,1014.2,95.4,0.21,0,13.7,0.1,243.8,2,1011.2,1014.3,90.9,0.55,0
2019,4,23,11,0,345.2,1.6,1012,1015.1,86.4,1.23,0,15.5,0.1,357,0.7,1011.7,1014.8,82.1,2.01,0
2019,4,23,13,30,25.2,0.9,1010.8,1013.9,76.3,3.27,0,16.3,0.1,4.1,2.3,1010.9,1014,76.9,4.15,0
2019,4,23,18,30,286.8,1.8,1010.2,1013.2,60.9,8.93,8880,15.4,0.1,348.3,1.5,1010.5,1013.6,69.6,9.18,10620
2019,4,24,7,30,9.3,0.6,1012.8,1015.9,95.6,0.25,960,13.8,0,26,0.9,1012.9,1016,71.3,1.04,4560
2019,4,24,8,30,26,0.9,1012.9,1016,71.3,1.04,4560,17.1,0,323.6,0.6,1013,1016.1,54.7,2.69,8160
2019,4,24,15,0,331.1,3.3,1010.2,1013.1,27.3,19.61,27960,26.4,0,348.4,3.8,1010,1012.9,37.6,22.22,31560
2019,4,25,7,30,12.1,0.8,1011.2,1014.3,80.3,0.23,0,18,0,24.4,1,1011.2,1014.2,67.6,0.76,0
2019,4,26,1,30,35.6,1.5,1006.8,1009.9,97.7,0,0,14.8,1.5,20.8,1.1,1006.1,1009.2,97.7,0,0
2019,4,27,22,0,257.8,3.1,1006.2,1009.3,97.7,7.8,1800,8.4,1.8,259.1,2.5,1006,1009.1,96,7.8,1800
2019,4,28,11,0,137.7,0.9,1009.6,1012.7,90.7,1.07,0,9.4,0,37.5,0.7,1009.6,1012.7,92,1.54,0
2019,4,29,4,0,42.3,0.3,1018.3,1021.5,97.8,0,0,3.6,0,0,0,1018.1,1021.3,97.8,0,0
2019,4,30,6,0,58.2,1.6,1019.2,1022.4,80.8,0.01,0,8.8,0.2,19.6,0.3,1019.7,1022.9,86.7,0.02,0
2019,5,1,10,30,55.8,2.4,1012.6,1015.7,52.4,4.02,5340,15,0,59.9,1.6,1012.7,1015.8,52.9,5.33,5340
2019,5,2,8,0,58.6,1,1007.6,1010.7,82.1,0.8,300,14,0,40.9,1.9,1007.2,1010.3,71.1,2.16,3420
2019,5,2,14,0,315.8,1.8,1005.4,1008.4,47,20.25,21420,21.3,0,2.6,3.4,1005.1,1008.1,41.2,21.79,25020
2019,5,2,23,30,81.3,0.9,1006.2,1009.3,80.3,25.02,38040,10.1,0,25,0.7,1006.2,1009.3,75.4,25.02,38040
2019,5,3,2,30,117.1,0.4,1005.4,1008.5,82.9,0,0,8.8,0,0,0.1,1005.3,1008.4,81.4,0,0
2019,5,3,8,30,245.5,1,1005.6,1008.7,75.2,0.5,1620,13.4,0,243.3,1.5,1005.7,1008.8,71.3,1.22,5220
2019,5,3,9,0,259.5,1,1005.7,1008.8,71.8,0.82,3420,14.7,0,174.3,1.8,1005.7,1008.8,67.9,1.73,7020
2019,5,4,4,0,70.8,0.7,1007.2,1010.4,97.5,0,0,6.1,0,106.1,0.4,1007.7,1010.9,97.5,0,0
2019,5,4,19,30,209.7,2.2,1010.2,1013.3,34.1,14.48,45780,13.9,0,180.1,2.5,1010.8,1013.9,54.6,14.49,46200
2019,5,6,11,30,267.3,1.7,1016.9,1019.9,47.1,9.12,14460,23.1,0,220.7,2.3,1016.3,1019.3,41.8,13.1,18060
2019,5,7,11,30,176.4,0.6,1014.5,1017.5,27.1,10.6,14700,25.2,0,260.6,1.3,1013.9,1016.9,22.8,14.86,18300
2019,5,8,5,0,354,2.7,1014.7,1017.8,43.4,0,0,10.4,0,351.9,2.8,1014.8,1018,41.1,0,0
2019,5,9,1,30,0,0,1015,1018.2,74.1,0,0,4.9,0,130.7,0.7,1014.9,1018.1,78.9,0,0
2019,5,10,8,30,191.4,3.6,1012.3,1015.4,57.9,1.81,6120,15.9,0,195,3.2,1012,1015.1,51.6,4.05,9720
2019,5,10,10,30,196.7,3.2,1012,1015.1,54.3,6.93,13320,18.2,0,238.6,4.1,1011.6,1014.6,42.7,10.64,16920
2019,5,10,13,0,230.3,4.7,1010.5,1013.5,43.4,16.87,22320,19.3,0,238.1,5.7,1009.7,1012.7,42.7,20.83,25920
2019,5,11,3,30,0,0,1008.7,1011.8,84.3,0,0,10.5,0,222.9,0.1,1008.6,1011.7,87.5,0,0
2019,5,11,11,30,223.3,2.7,1008.9,1011.9,41.3,8.32,16200,19.8,0,189.1,1.9,1008.7,1011.7,41.3,11.6,19800
2019,5,11,18,30,225.1,4.4,1008.3,1011.3,37.5,26.73,41400,15.9,0,210.2,2.9,1008.7,1011.8,50.1,27.16,45000
2019,5,13,6,30,0,0.1,1011.9,1015.1,78.9,0.02,0,11.4,0,114.2,0.6,1012.3,1015.4,72.4,0.42,2820
2019,5,13,17,0,300.8,4.7,1010.3,1013.3,18.5,25.66,37020,22.2,0,29.9,2.6,1009.8,1012.8,19.7,27.22,40620
2019,5,13,23,0,42.7,0.9,1011.6,1014.7,38.7,28.21,46920,12.4,0,0,0.1,1011.7,1014.8,52.7,28.21,46920
2019,5,15,0,0,178.3,0.6,1013,1016.1,75.1,25.03,40080,14,0,67.9,0.8,1012.5,1015.6,68.4,0,0
2019,5,15,4,0,0,0,1012.2,1015.3,80.6,0,0,11.6,0,42.8,0.9,1012.1,1015.2,86.5,0,0
2019,5,16,16,0,244,2.5,1009.2,1012.1,41.3,23.15,31440,24.3,0,232.8,3,1009.1,1012,40.9,25.38,35040
2019,5,17,5,30,73,1.3,1011.2,1014.3,86,0.01,0,14.4,0,4.3,0.9,1011.2,1014.3,91.2,0.03,0
2019,5,18,9,30,83.1,0.7,1009.9,1012.9,50.1,3.02,6060,24.9,0,249.5,1,1009.8,1012.7,38.3,5.52,9660
2019,5,19,0,30,217.6,1.8,1010.9,1013.9,72.3,26.65,40500,17.1,0,144.1,0.1,1010.8,1013.8,77.6,0,0
2019,5,19,13,0,44.1,1.9,1009.2,1012.2,43.9,8.53,9600,25.6,0,36.2,1.7,1008.7,1011.7,43.6,9.74,9600
2019,5,20,7,30,46.4,2.4,1007.8,1010.8,83.7,0.19,0,18.8,1,68.3,3,1008.6,1011.6,75.7,0.85,900
2019,5,20,9,30,65.9,2.5,1009.1,1012.1,71.2,1.76,1680,20,1,86.7,4.1,1008.3,1011.3,66.6,3.15,2280
2019,5,21,6,30,80.8,2.3,1006.8,1009.8,80.2,0.02,0,19,0,98.6,2,1007,1010,81.8,0.14,0
2019,5,22,11,0,313.6,4,1003.8,1006.8,51.6,6.21,6720,16.9,2.1,307,6,1004.3,1007.3,47.7,8.87,10260
2019,5,22,18,0,289.1,7,1004.4,1007.4,34.7,26.92,31860,15.8,2.1,281.4,5.6,1004.8,1007.9,47.3,27.89,35460
2019,5,22,21,30,221.3,3.2,1005.5,1008.6,74.6,28.14,38820,11.7,2.1,160.5,1.5,1006.1,1009.2,85.5,28.14,38820
2019,5,23,7,30,155.8,3.4,1004.8,1007.9,74.3,0.55,3480,16.4,0,224.2,3,1004.5,1007.5,69.5,1.81,7080
2019,5,24,11,0,180.9,4.9,1003.9,1006.9,57.5,7.89,16140,21.4,0,199.5,5.8,1003.8,1006.8,55.2,11.19,19740
2019,5,24,17,0,185.1,5.3,1002.5,1005.5,48.1,26.81,37740,21.7,0,191,3.4,1002.6,1005.6,51.4,28.38,41340
2019,5,25,0,30,190.1,3.7,1004.3,1007.3,71.7,29.34,46020,16.4,0,192.8,3.4,1004.1,1007.1,75.2,0,0
2019,5,25,22,30,182.8,1.3,1007.2,1010.2,90.6,29.31,47520,16,0,143.7,0.3,1007.4,1010.5,91,29.31,47520
2019,5,25,23,0,0,0,1007.3,1010.4,91.7,29.31,47520,16.4,0,145.8,0.7,1007.5,1010.6,85.3,29.31,47520
2019,5,26,2,0,218,2.1,1007,1010.1,86.5,0,0,14.8,0,0,0,1007.2,1010.3,94.1,0,0
2019,5,26,7,0,76.6,0.8,1007.6,1010.7,97.2,0.17,1080,19.2,0,288.9,0.6,1008,1011,79,0.87,4680
2019,5,27,6,0,0,0,1011.1,1014.2,97.2,0,0,15.9,0,117.3,0.4,1011.9,1015,97.2,0.16,0
2019,5,29,1,0,159.6,5.6,1007.7,1010.7,57.8,0,0,20.7,0,146.5,2,1006.7,1009.7,71.7,0,0
2019,5,29,2,0,146.5,2,1006.7,1009.7,71.7,0,0,19.6,0,150.1,3.6,1006,1009,84.1,0,0
2019,5,29,15,0,255.4,3.8,1000.1,1003.1,97.1,2.02,0,16.2,7.5,226.5,2.8,1000.9,1003.9,97.2,2.25,0
2019,5,30,17,0,267,5.5,1008.4,1011.3,21.7,24.91,29280,21.4,0,219.6,5.1,1008,1010.9,43,26.68,32940
2019,5,30,17,30,204.6,3.1,1008.1,1011,37.8,25.85,31020,20.9,0,226.7,3.9,1008.1,1011,39,27.24,34680
2019,5,30,19,0,233.6,2.7,1008.2,1011.1,43.9,27.64,36480,17.5,0,226.8,3.7,1008.2,1011.2,61.2,27.94,39960
2019,6,1,17,30,221.3,1.9,1007.8,1010.7,57.9,14.81,15240,19.5,0,213.6,4.1,1007.9,1010.8,60.7,15.22,15240
2019,6,1,22,0,211.2,3.1,1010.4,1013.4,67.4,15.4,15240,16,0.1,244.9,2.6,1010.8,1013.8,71.9,15.4,15240
2019,6,1,23,0,244.9,2.6,1010.8,1013.8,71.9,15.4,15240,15.2,0.3,143.9,2.1,1009.8,1012.8,81.9,15.4,15240
2019,6,2,5,30,0,0,1008.4,1011.4,97.1,0,0,14.4,0,0,0,1008.8,1011.8,95.9,0.02,0
2019,6,3,15,0,239.6,3,1007.5,1010.4,54.3,NaN,NaN,20.5,0,205.1,1.8,1006.9,1009.8,53.9,NaN,NaN
2019,6,5,15,0,335.4,2.7,1005.7,1008.6,38.6,20.44,29760,27.3,0,175.9,2.5,1004,1006.8,38.1,23.22,33360
2019,6,5,21,30,159,0.6,1005.3,1008.2,65,27.93,45420,18.9,0,178.5,1.2,1006,1008.9,67.5,27.93,45420
2019,6,5,23,0,176.7,1.3,1006.2,1009.1,65.6,27.93,45420,18.4,0,198.4,1.5,1006.2,1009.1,72.8,27.93,45420
2019,6,5,23,30,165,2.3,1006,1008.9,67.1,27.93,45420,17.9,0,0,0,1006.5,1009.4,78.4,27.94,45420
2019,6,6,2,0,83.6,0.9,1006.7,1009.7,84,0,0,15.9,0,350.9,0.3,1007.2,1010.2,90.8,0,0
2019,6,6,5,30,65.3,0.9,1006.2,1009.2,77.8,0,0,15.5,0,151.4,0.8,1007.2,1010.2,82.6,0.07,0
2019,6,6,6,0,112.3,2.2,1006.6,1009.6,85.1,0.01,0,16.4,0,338.2,1.5,1007.6,1010.6,79.6,0.23,840
2019,6,8,5,30,55.4,0.6,1009.7,1012.7,97.5,0.01,0,17.3,0,5.2,0.9,1009.9,1012.9,97.5,0.04,0
2019,6,9,13,30,6.9,3.8,998.9,1001.8,97.5,3.09,0,20.2,25.3,10.9,4.6,999.4,1002.3,88.7,4.67,180
2019,6,10,2,0,51.1,0.5,1005.1,1008.1,88.1,0,0,15.7,0,29.1,0.2,1005.1,1008.1,97.5,0,0
2019,6,10,20,30,219.4,1.7,1004.8,1007.7,82.6,23.56,40920,19.4,0,221.1,1.6,1004.8,1007.7,87.6,23.56,40920
2019,6,11,5,30,74.5,0.8,1003.8,1006.7,93.6,0,0,18.1,0,292.9,1.5,1004.9,1007.8,97.5,0.03,0
2019,6,13,5,30,7.2,1.8,1005.7,1008.7,97.5,0,0,16.7,0,58.4,0.4,1006.2,1009.2,93.8,0.06,0
2019,6,13,7,0,87.8,1.1,1006.3,1009.3,83.4,0.23,180,17.5,0,78.6,1.5,1006.5,1009.5,74.4,0.58,180
2019,6,13,12,30,328.4,1.8,1006.2,1009.1,52.1,10.22,15000,21.9,0,240.5,3.7,1006,1008.9,65.5,11.82,16500
2019,6,13,23,0,9.4,0.7,1007.4,1010.4,74.2,22.06,36240,15.1,0,0,0,1007.5,1010.5,85.2,22.06,36240
2019,6,14,13,30,207.3,3.8,1008.6,1011.5,51.3,16.23,25260,25.2,0,223.6,2.3,1007.9,1010.8,57.2,19.7,28860
2019,6,15,1,0,114.7,0.6,1008.4,1011.4,90,0,0,15.4,0,0,0,1008.2,1011.2,97.4,0,0
2019,6,15,8,30,269.2,0.4,1008.7,1011.6,71.2,1.75,7260,21.4,0,280.7,1.1,1008.6,1011.5,61.8,3.63,10860
2019,6,17,22,0,253.6,0.3,998.5,1001.4,78.3,28.27,45060,18.3,0,286.8,1.6,998.9,1001.8,79.4,28.27,45060
2019,6,19,1,0,211.5,1.6,1008.1,1011.1,95.3,0,0,16.2,0,222.7,2.6,1008.8,1011.8,97.4,0,0
2019,6,19,11,0,188.4,2.4,1010.4,1013.3,67,5.59,8820,22.6,0,221.3,2,1010.2,1013.1,61.8,8.33,12420
2019,6,20,2,30,151,0.6,1008.9,1011.9,97,0,0,17.2,0,179.4,0.7,1008.8,1011.8,96.8,0,0
2019,6,20,9,30,160.7,2.9,1009.6,1012.5,74.4,1.26,0,21.6,0,182.1,2.4,1008.9,1011.8,77.6,1.79,0
2019,6,20,15,0,196.2,4.1,1007.4,1010.3,81.9,6.42,1740,22.4,0.1,164.9,2.6,1007.3,1010.2,80.1,8.25,3780
2019,6,21,1,0,192.7,0.5,1006.5,1009.4,97.4,0,0,19.2,0,218.5,1.5,1006,1008.9,97.4,0,0
2019,6,22,8,30,272.5,1.1,1005.7,1008.6,92.7,0.77,0,20.9,0,228.2,1.2,1005.7,1008.6,86.6,1.59,0
2019,6,22,13,30,315.7,2,1004.6,1007.5,53,8.79,4800,25,0,326.2,1.8,1004.2,1007.1,58.3,10.33,5160
2019,6,22,17,30,308.8,3.2,1003.5,1006.4,63.3,16.74,15480,23.2,0,305.3,2.7,1003.3,1006.2,64.5,17.68,17580
2019,6,23,1,30,317.5,1.6,1004.7,1007.6,89.7,0,0,19.7,0,62.2,1.3,1004.4,1007.3,92.4,0,0
2019,6,23,23,0,39.4,0.8,1003.9,1006.8,93.5,21.76,25440,18.7,0,67.4,1.3,1004.1,1007,96.8,21.76,25440
2019,6,24,9,0,45.5,2.4,1003.8,1006.7,66.9,2.13,4200,24,0,299.8,1.3,1003.9,1006.8,63.2,4.19,7800
2019,6,24,19,30,307,2.5,1002.8,1005.7,60,19.99,31740,22.3,0,337.2,2,1003.2,1006.1,64.8,20.11,33420
2019,6,25,12,0,71.8,2.8,1005.6,1008.5,36.4,10.99,19860,28.2,0,5.7,3.4,1005.5,1008.3,32.5,14.5,23460
2019,6,25,14,30,18.3,2.5,1004.9,1007.7,32.5,19.79,28860,28.9,0,31.2,1.4,1004.7,1007.5,34.2,22.99,32460
2019,6,26,9,0,184.3,1.2,1009.7,1012.6,55.4,2.51,9060,24,0,262,2.7,1009.6,1012.5,57.8,4.71,12660
2019,6,26,15,0,216.9,4.4,1009.5,1012.4,48.4,20.99,30660,27.9,0,223.6,3.9,1009.3,1012.2,44.9,23.94,34260
2019,6,27,23,30,51,1.5,1011.5,1014.4,57.6,29.24,46140,20,0,42.9,0.9,1010.8,1013.8,61.7,29.24,46140
2019,6,28,11,30,329.1,2.2,1006.5,1009.4,61.2,2.08,0,24.3,0,87.2,1.1,1006.5,1009.4,57.7,3.09,0
2019,6,29,19,30,221.1,2.5,997.5,1000.4,75.2,12.26,7380,23.3,0,69,1.1,997.9,1000.8,85.1,12.35,7380
2019,6,30,1,0,134.8,0.3,999.1,1002,97.4,0,0,20.6,0,191.6,0.7,998.9,1001.8,97.4,0,0
2019,7,1,6,0,104.2,1.1,997.2,1000.1,97.4,0,0,19.8,2.6,28.8,0.8,997.3,1000.2,96.5,0.08,0
2019,7,1,10,30,299.9,0.6,996.8,999.7,89.5,1.43,0,23.8,2.6,127.4,0.9,995.9,998.7,80.2,2.79,300
2019,7,2,8,0,217.8,0.2,997.8,1000.7,91.3,0.74,1320,21.9,0,167.3,0.9,998.1,1001,87.7,1.81,3240
2019,7,2,20,0,227.5,2.6,1000,1002.9,94.6,10.99,5820,22.4,0,211.2,2.2,1000.2,1003.1,97.4,10.99,5820
2019,7,7,0,30,34.2,0.6,1003.5,1006.4,93.6,27.58,44700,19.8,0,0,0,1003,1005.9,95.5,0,0
2019,7,7,5,30,42.6,0.9,1002.1,1005,97.4,0,0,18.9,0,0,0.1,1002.2,1005.1,97.4,0.04,0
2019,7,7,20,30,34.9,1.2,999.5,1002.3,48.5,27.54,41520,24,0,54.2,0.8,999.9,1002.8,45.4,27.54,41520
2019,7,8,8,30,265,1.1,1001.3,1004.1,58.2,1.58,6960,28.8,0,72.4,2.4,1001.2,1004,34.9,3.42,10560
2019,7,9,0,0,147.5,1.6,1002.5,1005.4,52,29.11,48480,23.5,0,0,0.1,1003.1,1006,72.3,0,0
2019,7,9,20,0,330.1,0.7,1004,1006.9,59,21.76,29280,25.1,0,18.2,1.2,1003.8,1006.7,59.2,21.78,29280
2019,7,10,2,30,45.4,2,1004.8,1007.7,56.7,0,0,22,0,65.9,1.1,1004.9,1007.8,60.3,0,0
2019,7,10,5,0,77.8,2.1,1005,1007.9,59.2,0,0,21.1,0,39.7,1.6,1005.5,1008.4,63.3,0,0
2019,7,10,9,0,50.3,2.2,1005.7,1008.6,53.8,2.3,7800,25.6,0,65.3,1.2,1005.4,1008.3,50.8,3.91,9660
2019,7,10,10,30,95.5,3.5,1005.4,1008.3,46.1,5.35,11460,27.5,0,92.4,2.1,1004.7,1007.5,45.7,8.18,15060
2019,7,10,12,0,47.3,2.1,1004.5,1007.3,45,9.78,16860,28.3,0,55.2,2.8,1003.9,1006.7,42.7,13.25,20460
2019,7,11,13,30,71.9,1.7,1002.9,1005.7,40.4,14.73,24480,29.1,0,56.9,2.9,1002.3,1005.1,39.7,18.26,28080
2019,7,12,4,30,54,2.8,1003.3,1006.2,62.8,0,0,21.6,0,55.9,2.6,1003.3,1006.2,63.6,0,0
2019,7,12,13,30,124.2,2.4,1003.6,1006.5,62.5,5.18,240,23,0,100,1.8,1003.7,1006.6,67.6,5.78,240
2019,7,12,14,30,100,1.8,1003.7,1006.6,67.6,5.78,240,23.4,0,63.2,2.3,1003.3,1006.2,72,6.27,240
2019,7,12,16,30,64,1,1003.2,1006.1,86.9,6.62,240,21.2,3.3,29.6,0.8,1002.8,1005.7,92.6,6.89,240
2019,7,13,11,30,349.5,4.1,1002.2,1005.1,80.1,2.81,240,22.6,0,333.7,2.3,1002.2,1005.1,80.1,4.36,720
2019,7,13,22,30,282.8,2.9,1004.3,1007.2,91.1,12.15,1140,19.5,0,309.5,1.6,1004.4,1007.3,93.8,12.15,1140
2019,7,16,4,30,330.7,0.4,998.7,1001.6,97.2,0,0,21.5,0,139.2,0.7,998.6,1001.5,97.2,0,0
2019,7,18,4,0,180.6,1.1,1006.6,1009.5,97.2,0,0,21.3,2,154.8,2.2,1006.7,1009.6,97.2,0,0
2019,7,18,10,0,214.6,2,1008.4,1011.3,81.4,2.8,3840,26,2,166.8,1.2,1008.5,1011.4,70.9,4.84,6840
2019,7,18,15,0,255.3,3.4,1007.8,1010.7,65.3,16.73,20040,27.8,2,238.8,2.1,1007.6,1010.5,63.1,18.51,21240
2019,7,18,17,0,228.6,2.7,1007.7,1010.6,63.5,20.41,24240,26.7,2,223,1.7,1007.3,1010.2,62,21.92,27840
2019,7,18,18,0,223,1.7,1007.3,1010.2,62,21.92,27840,26.1,2,222.2,2,1007.4,1010.3,65.6,22.69,31440
2019,7,18,18,30,204.3,1.9,1007.4,1010.3,65.1,22.38,29640,25.3,2,213.3,1.6,1007.5,1010.4,70.1,22.87,32820
2019,7,18,20,0,208,1.2,1007.6,1010.5,70.7,22.91,32820,23.5,2,92.9,0.7,1008,1010.9,86.9,22.91,32820
2019,7,19,10,0,191.1,0.9,1009.1,1012,75.2,3.6,5280,26.5,0,223.3,2.8,1009.2,1012.1,73,5.41,7080
2019,7,19,14,0,317.9,2.1,1008.1,1010.9,63.7,11.13,11100,28.2,0,16.8,2.4,1007.8,1010.6,67.6,12.41,11100
2019,7,19,18,0,319.4,2.5,1007.3,1010.2,71.1,14.73,11100,25,0,328.9,1.3,1007.6,1010.5,70.5,14.88,11100
2019,7,20,9,30,46.3,1.3,1006.6,1009.5,79.2,2.72,7620,26.6,8.5,51.8,1.9,1006.6,1009.5,69.5,4.44,10680
2019,7,21,6,30,42.4,0.8,1004.2,1007.1,91.3,0.02,0,24.4,0,45.8,2.5,1004.1,1007,82.9,0.38,3060
2019,7,21,22,30,69.1,1.8,1002.1,1005,78.6,17.85,26640,26.5,0.3,41.7,1.4,1002,1004.9,76.4,17.85,26640
2019,7,22,6,0,86.9,5.3,998,1000.8,72.7,0,0,26,0,56.2,4.1,997.7,1000.5,74.5,0.02,0
2019,7,23,12,0,225.9,4,999.9,1002.7,97.2,2.11,0,25,5.7,226.5,3.4,1000,1002.9,97.2,2.75,0
2019,7,23,18,30,214.3,4.4,1001.8,1004.7,86.2,11.3,6180,24.6,5.7,198.7,3.7,1002.2,1005.1,95,11.58,6360
2019,7,23,22,30,159.2,3,1003.5,1006.4,97.2,11.61,6360,23.1,NaN,171.1,2.5,1003.6,1006.5,97.2,11.61,6360
2019,7,24,13,0,214.5,2.4,1004,1006.8,79.1,6.72,3960,28.6,0,243.2,2.2,1003.8,1006.6,76.8,8.91,6360
2019,7,25,2,0,169.1,2.7,1004.3,1007.2,97.2,0,0,23.9,0,191.8,2.2,1004.1,1007,97.2,0,0
2019,7,25,5,30,167.2,2,1003.7,1006.6,97.2,0,0,24.3,0,169.6,1.6,1003.7,1006.6,97.2,0,0
2019,7,26,4,30,190.3,2.7,1000.8,1003.7,97.3,0,0,24.4,1,190,4.2,1000.8,1003.7,97.3,0,0
2019,7,26,15,30,196.2,3.9,1001.8,1004.6,87.8,4.64,540,26.8,1.4,193.1,3.5,1001.7,1004.5,88.8,5.13,540
2019,7,26,21,30,207.8,1.4,1001.5,1004.4,97.3,6.79,1020,25.5,1.4,182.2,1.5,1002.1,1005,97.3,6.79,1020
2019,7,28,11,30,189.7,2.9,1001.6,1004.5,97.3,0.33,0,24.8,37.3,203.8,3.1,1001.7,1004.5,97.3,0.58,0
2019,7,29,23,30,164.8,0.8,1004.2,1007.1,97.3,17.01,15600,26.4,3.1,185.7,1.9,1004,1006.9,97.3,17.01,15600
2019,7,30,17,0,187.1,6.4,1005.5,1008.4,93.7,4.06,0,25.2,20.8,162.5,4,1004.9,1007.8,97.3,4.44,0
2019,7,31,6,0,164,2.7,1006.7,1009.6,93.3,0,0,24.8,0,183.9,2,1007,1009.9,95.8,0.04,0
2019,7,31,12,30,178.3,6.8,1007.5,1010.3,74.9,8.31,10620,29.1,0,203.5,7.8,1007.1,1009.9,74.5,11.66,14220
2019,7,31,19,0,197.4,4.7,1005.5,1008.4,84.4,19.33,28200,27,0,189.9,3.7,1005.6,1008.5,88.1,19.42,28200
2019,8,1,4,30,196.5,5.6,1005.3,1008.2,93.9,0,0,25.9,0,184.7,3.6,1005.2,1008.1,93.9,0,0
2019,8,2,8,30,191.9,4.3,1006.1,1009,96.4,0.21,0,26.3,1.2,190.9,5.3,1006.8,1009.7,97.3,0.32,0
2019,8,2,9,0,209.9,3.7,1006.6,1009.5,96.8,0.27,0,26.2,1.2,189,4.5,1006.6,1009.5,97.3,0.39,0
2019,8,2,20,0,197.9,3.8,1006.6,1009.5,97.3,3.78,0,25.9,4.5,178.9,2.1,1007.4,1010.3,97.3,3.78,0
2019,8,3,7,0,165.6,2.2,1009.2,1012.1,97.3,0.03,0,25.5,1.1,167.5,2.8,1009.4,1012.3,97.3,0.19,0
2019,8,5,10,30,23.3,1.3,1008.4,1011.2,69.6,3.77,9780,31.6,0,292.9,0.5,1008.3,1011.1,63.9,6.5,13380
2019,8,5,23,30,85.4,1.1,1008.6,1011.5,87.6,21.75,37800,24.9,5.6,82.1,1,1008.5,1011.4,89.7,21.75,37800
2019,8,6,3,30,25.2,1.1,1007.6,1010.5,80.3,0,0,24.7,0,0,0,1007.7,1010.6,85.6,0,0
2019,8,6,6,30,0,0,1008.3,1011.2,95.5,0,0,25,0,332.5,0.7,1008.4,1011.3,93.9,0.21,60
2019,8,6,16,0,58.7,1.7,1008,1010.8,72.8,16.54,18120,29.6,0,17.8,1.4,1007.6,1010.4,69.1,17.32,18300
2019,8,6,18,30,358.8,1.3,1007.2,1010,60.7,19,22500,28.2,0,27.4,1,1007.4,1010.2,69.8,19.42,25560
2019,8,6,21,0,69,1.3,1007.8,1010.7,79.5,19.45,25560,25.9,0,52.8,0.9,1008.2,1011.1,84.6,19.45,25560
2019,8,7,5,0,55.1,1,1007.5,1010.4,94.2,0,0,23.9,0,73.8,1,1007.9,1010.8,92.7,0,0
2019,8,7,5,30,103.2,0.3,1007.7,1010.6,95.2,0,0,24,0,91.6,0.6,1008.1,1011,92.9,0,0
2019,8,8,4,0,338.2,0.7,1005.2,1008.1,88.7,0,0,25.2,0,0,0,1005,1007.9,97.3,0,0
2019,8,10,17,30,216,2,1005.1,1007.9,68.7,18.02,24600,29.4,0,254.4,1.4,1005.2,1008,68.1,18.65,25380
2019,8,11,23,30,35.4,0.8,1004.8,1007.7,90.6,20.39,34440,25.6,0,37.4,0.7,1004.8,1007.7,93.9,20.39,34440
2019,8,12,0,30,37.4,0.7,1004.8,1007.7,93.9,20.39,34440,25.4,0,32.5,1.6,1004.4,1007.3,93.6,0,0
2019,8,14,4,30,200.9,0.9,995.5,998.3,97.2,0,0,24.6,38.2,183,3.7,995.9,998.7,97.2,0,0
2019,8,14,16,0,168.7,4,996.7,999.5,82,5.62,3120,30.2,59.6,174.7,3.4,996.6,999.4,78.5,6.7,4620
2019,8,16,1,30,47.1,0.9,1000,1002.8,97.2,0,0,26.2,2.3,6.2,0.6,999.8,1002.7,97.2,0,0
2019,8,16,5,30,56.1,1.4,999,1001.9,97.2,0,0,25,2.3,99.2,0.4,999.2,1002.1,97.2,0,0
2019,8,17,9,30,58.1,2.2,991.7,994.5,78.6,0.83,0,27.2,NaN,39.5,1.9,991.5,994.3,77.1,1.78,0
2019,8,18,3,30,210.4,1.8,990,992.8,97.2,0,0,24,0,192.5,1.2,990.3,993.1,97.2,0,0
2019,8,18,4,30,192.5,1.2,990.3,993.1,97.2,0,0,24.2,0,177.8,1.4,990.5,993.3,97.2,0,0
2019,8,18,10,0,242.3,3.2,992.3,995.1,81.9,1.6,1200,27.6,0,265.9,3.3,992.6,995.4,80.3,3.3,3300
2019,8,18,22,0,186.3,1.2,997,999.8,90,19.07,29100,23.8,0,153.7,1.1,997.2,1000.1,90.5,19.07,29100
2019,8,18,22,30,166.6,1.4,997.1,999.9,87,19.07,29100,23.4,0,189,1.2,997.6,1000.5,95.3,19.07,29100
2019,8,20,3,0,0,0,1002.6,1005.5,97.2,0,0,19,0,0,0,1002.5,1005.4,97.2,0,0
2019,8,20,20,30,326.2,0.9,1004.9,1007.8,84.6,21.9,40560,21.7,0,82.9,0.7,1005.6,1008.5,90.8,21.9,40560
2019,8,20,21,0,111.8,1.6,1005.1,1008,85.3,21.9,40560,21,0,66.5,0.7,1005.7,1008.6,93.5,21.9,40560
2019,8,21,2,30,0,0,1006.3,1009.2,97.3,0,0,19.5,0,0,0,1006.4,1009.3,97.2,0,0
2019,8,22,2,30,48.2,1.1,1007.5,1010.4,92.4,0,0,22.3,0,51.6,1.5,1007.3,1010.2,97.2,0,0
2019,8,22,16,30,86.4,2.1,1005.4,1008.2,60.7,17.24,27180,30.1,0,156,1.5,1005.1,1007.9,62,18.08,28860
2019,8,23,13,0,233.4,1.8,1005.6,1008.4,61.1,10.5,15420,29.4,0,326.9,1.9,1005.3,1008.1,60.9,12.59,17940
2019,8,24,16,30,291.5,3.4,1003.3,1006.1,51.3,11.95,12120,28.1,NaN,301.8,4.2,1003.7,1006.5,54.5,13.68,15720
2019,8,25,2,0,175.3,1,1005.1,1008,95.1,0,0,21.7,0,0,0,1005.3,1008.2,97.2,0,0
2019,8,26,5,0,163.9,0.7,1007.3,1010.2,97.2,0,0,20.2,0,102.3,1,1007.6,1010.5,97.2,0,0
2019,8,26,6,0,102.3,1,1007.6,1010.5,97.2,0,0,20,0,0,0,1007.8,1010.7,97.2,0.01,0
2019,8,26,8,0,0,0,1008.3,1011.2,97.2,0.2,0,22.5,0,0,0,1008.4,1011.3,92.8,0.66,0
2019,8,28,7,30,0,0,1011.1,1014,97.3,0.12,960,22.2,0,290.8,0.5,1010.8,1013.7,92.9,0.86,4560
2019,8,29,12,30,42.9,1.1,1004.3,1007.2,73.8,5.47,5040,25.4,11.3,58.5,2.4,1003.8,1006.7,71.8,7.37,5820
2019,8,29,18,30,207.7,0.4,1003.3,1006.2,72.4,13.81,12360,24.9,11.3,47.3,0.4,1003.6,1006.5,78.3,13.92,12780
2019,8,30,0,30,234.1,0.9,1005,1007.9,97.2,13.92,12780,22.1,0,152.2,0.6,1004.5,1007.4,97.2,0,0
2019,9,4,10,30,84.7,2.9,1015,1017.9,67.1,3.22,7500,26.1,0,72.3,1.6,1014.7,1017.6,63.1,5.11,9360
2019,9,5,12,30,70.1,1.7,1012.6,1015.5,73.6,3.86,0,24.9,0,56.6,1.8,1011.7,1014.6,75.9,5.19,840
2019,9,6,1,0,65.5,1.7,1011.1,1014,89.2,0,0,22.6,0,47.2,2.7,1010.4,1013.3,91.6,0,0
2019,9,6,18,0,193.8,2,1008.5,1011.4,88,10.55,9660,24.8,12.9,193.5,1.4,1008.7,1011.6,92.9,10.72,9960
2019,9,6,18,30,209.6,2.4,1008.6,1011.5,91.1,10.63,9660,24.5,12.9,166.2,2,1008.5,1011.4,93.6,10.77,10620
2019,9,9,2,30,15.7,3.5,999,1001.8,87.3,0,0,24.8,0.1,56.9,1.8,997.1,999.9,84.5,0,0
2019,9,9,22,0,191.1,2.9,1002.6,1005.5,95.7,3.91,720,22.7,4.4,209.1,4.2,1003.2,1006.1,97.2,3.91,720
2019,9,10,17,0,226.4,1.2,1005.3,1008.2,81.8,8.25,1620,25,0,0,0,1005.3,1008.2,86.9,8.56,1620
2019,9,11,1,0,81,1.4,1006.9,1009.8,97.2,0,0,22.3,0,328.8,0.9,1007,1009.9,97.2,0,0
2019,9,11,3,30,289.4,2.2,1007.1,1010,97.2,0,0,22.3,0.2,52,0.5,1007,1009.9,97.2,0,0
2019,9,11,4,30,52,0.5,1007,1009.9,97.2,0,0,22.3,0.9,4.3,0.8,1006.9,1009.8,97.2,0,0
2019,9,12,6,0,13.2,0.7,1007.9,1010.8,97.2,0,0,23.3,5.4,32,0.7,1008.4,1011.3,97.2,0,0
2019,9,12,13,30,156.8,1.4,1008.5,1011.4,90.1,3.73,5040,27.1,6.1,165.6,2.1,1007.9,1010.8,78.1,4.5,5040
2019,9,12,22,0,179.7,5.9,1007.8,1010.7,97.2,5.8,5040,24,35.4,206.4,4.6,1008.1,1011,97.2,5.8,5040
2019,9,13,15,30,25.4,2.3,1011,1013.9,81.1,6.45,2400,26.6,0.1,71.4,1.7,1010.7,1013.6,76,7.71,3600
2019,9,14,21,0,71.4,2.8,1012.8,1015.8,74.2,7.21,0,20.4,0,78.4,2.1,1012.8,1015.8,73.2,7.21,0
2019,9,18,2,0,0,0,1007.3,1010.2,93.3,0,0,20.3,0,0,0,1006.9,1009.8,97.2,0,0
2019,9,20,3,0,61.1,0.9,1012.4,1015.3,81.5,0,0,20.9,0,331.7,1.4,1012.6,1015.5,87.7,0,0
2019,9,23,2,0,37.4,1.4,1015.1,1018.1,64.9,0,0,19.2,0,33.2,0.7,1015.1,1018.1,64.9,0,0
2019,9,23,16,30,68.3,2.9,1015.4,1018.4,91.2,3.97,0,16.6,3.6,96.6,2.5,1016,1019,89.9,4.03,0
2019,9,24,3,30,35.7,5,1012.8,1015.8,96.3,0,0,15.2,6,45.5,4.4,1012.2,1015.2,96.6,0,0
2019,9,24,12,0,19.2,3.1,1009.5,1012.5,94.6,1.07,0,16.7,13.7,38.4,3.7,1008.4,1011.4,94,1.4,0
2019,9,25,0,30,12.4,3.6,1006.6,1009.5,67.6,2.98,0,18.3,0,2.8,3.1,1007,1009.9,68.6,0,0
2019,9,26,11,0,347.6,0.6,1017,1019.9,59.5,4.96,12900,21.7,0,190.6,0.4,1016.8,1019.7,57.2,6.92,15240
2019,9,26,22,0,334.6,0.2,1017.6,1020.6,93.9,18.56,36600,14.5,0,26.9,0.8,1017.5,1020.5,96.9,18.56,36600
2019,9,27,10,30,31,0.5,1019.5,1022.5,76.1,3.08,10860,23.3,0,312.1,1.1,1019.5,1022.4,63.1,5.27,14460
2019,9,27,13,30,343.6,1.1,1018.6,1021.5,57.7,8.97,19260,24.3,0,6.3,1.2,1018.2,1021.1,51.4,10.89,22800
2019,9,28,19,0,181.4,0.9,1020.1,1023.1,79.7,12.29,14940,19.4,0,91.2,0.3,1020.5,1023.5,91.1,12.29,14940
2019,9,28,22,0,0,0,1021,1024,97.2,12.29,14940,17.6,0,0,0,1020.8,1023.8,97.2,12.29,14940
2019,9,29,1,0,0,0,1020.6,1023.6,97.2,0,0,17.8,0,56.2,0.9,1020.5,1023.5,97.2,0,0
2019,9,29,8,0,57.6,1,1020.3,1023.3,84.9,0.11,0,20.2,0,56.7,1.8,1020.5,1023.5,78.6,0.58,0
2019,9,29,8,30,43.6,1.7,1020.6,1023.6,82,0.27,0,21.5,0,30.4,1.6,1020.7,1023.7,73.8,1.11,660
2019,9,29,11,30,32,0.7,1020.4,1023.3,62.6,3.77,3600,26,0,63.1,1.7,1019.8,1022.7,57,5.61,5580
2019,9,30,9,0,0,0,1016.6,1019.5,73.6,0.87,4440,23.6,0,221.6,1.5,1016.9,1019.8,64.6,2.3,8040
2019,10,1,10,30,330.1,1.3,1015.3,1018.2,57.9,3.46,10800,25.8,NaN,17.1,1.8,1015.3,1018.2,50.4,5.82,14400
2019,10,1,19,30,3.6,0.5,1013,1016,72.7,19.48,39720,17.8,NaN,79.9,1.6,1013.6,1016.6,79.5,19.48,39720
2019,10,2,3,30,0.8,0.6,1014.2,1017.2,97.2,0,0,16.6,0,15.7,0.2,1013.8,1016.8,97.2,0,0
2019,10,2,7,0,6.4,1.2,1014,1017,97.2,0,0,18.3,0,339.4,2,1014.2,1017.2,97.2,0.09,0
2019,10,2,8,0,339.4,2,1014.2,1017.2,97.2,0.09,0,18.8,0,350.9,1.2,1014.5,1017.5,97.2,0.45,0
2019,10,2,20,0,40.4,0.9,1014,1017,91,17.71,31200,19.7,NaN,32.5,0.7,1014.2,1017.1,93.9,17.71,31200
2019,10,3,3,0,49.8,0.8,1014.6,1017.6,97.2,NaN,NaN,17.8,0,58.2,0.4,1014.6,1017.6,97.2,NaN,NaN
2019,10,3,11,30,339.1,1.4,1016,1018.9,96.3,NaN,NaN,25.1,0,272.2,1.1,1015.8,1018.7,66.2,NaN,NaN
2019,10,4,5,30,54.9,2.5,1012.1,1015,83.6,0,0,22.3,0.1,77.1,1.8,1011.9,1014.8,82.1,0,0
2019,10,4,8,0,0,0,1011.7,1014.6,92,0.02,0,21.7,0.1,108,0.7,1011.8,1014.7,89.9,0.13,0
2019,10,5,1,30,8.1,4.9,998.4,1001.3,97.1,0,0,20.7,5.1,31,5.5,998.3,1001.2,90.5,0,0
2019,10,5,14,0,4.1,3.6,1003.5,1006.3,52,11.26,17520,27.7,9.6,18.5,3.6,1003.8,1006.6,52.5,13.65,21120
2019,10,6,20,0,196.9,1.6,1010.7,1013.6,93.3,15.02,22620,19.7,NaN,192.7,0.5,1010.8,1013.7,96.2,15.02,22620
2019,10,6,21,0,192.7,0.5,1010.8,1013.7,96.2,15.02,22620,18.9,NaN,209.6,1,1011,1013.9,96,15.02,22620
2019,10,9,2,0,329.6,0.2,1017.5,1020.5,89,0,0,16.5,0.9,11.8,0.7,1017.6,1020.6,90.2,0,0
2019,12,15,16,0,250,2.3,1023,1026.1,33.4,7.72,25500,6.3,0,197.7,1.4,1022.5,1025.6,32.1,8.18,28740
2019,12,17,5,30,73.9,1.5,1026.4,1029.6,77.9,0,0,-2,0,28.5,0.9,1026.4,1029.7,81,0,0
2019,12,17,10,0,0,0,1027.3,1030.5,71.9,0.89,4860,7.7,0,49.9,0.9,1027.2,1030.3,42.4,2.03,8460
2019,12,17,10,30,76.1,0.4,1027.4,1030.6,60.9,1.4,6660,9.2,0,38.3,0.7,1026.6,1029.7,41.5,2.75,10260
2019,12,17,11,0,49.9,0.9,1027.2,1030.3,42.4,2.03,8460,10.3,0,308.2,0.9,1026.2,1029.3,33.9,3.55,12060
2019,12,17,11,30,38.3,0.7,1026.6,1029.7,41.5,2.75,10260,11.2,0,279.5,1.3,1025.8,1028.9,39.3,4.4,13860
2019,12,17,12,0,308.2,0.9,1026.2,1029.3,33.9,3.55,12060,11.2,0,210.9,0.2,1025.6,1028.7,33.9,5.17,15660
2019,12,17,12,30,279.5,1.3,1025.8,1028.9,39.3,4.4,13860,11.5,0,237.8,1.8,1025.3,1028.4,34.8,5.97,17460
2019,12,17,21,0,55,1.1,1024.3,1027.5,82.5,9.01,25680,2.2,0,354.3,0.5,1024.1,1027.3,84,9.01,25680
2019,12,17,23,30,320.3,0.2,1023.6,1026.8,82.5,9.01,25680,1.9,0,0,0,1023.6,1026.8,85.7,9.01,25680
2019,12,18,4,30,0,0.1,1022.9,1026.1,95.5,0,0,2.1,0,0,0,1022.7,1025.9,94,0,0
2019,12,18,10,0,249.5,0.3,1022.7,1025.9,87.6,0.57,3720,8.9,0,302.5,0.3,1022.1,1025.2,64.2,1.38,6780
2019,12,18,10,30,0,0.1,1022.7,1025.8,76.7,0.93,5220,11.3,0,329.1,0.4,1021.5,1024.6,56.7,2.15,8340
2019,12,18,11,0,302.5,0.3,1022.1,1025.2,64.2,1.38,6780,13.1,0,289.5,1,1020.8,1023.9,52,3.03,10140
2019,12,18,11,30,329.1,0.4,1021.5,1024.6,56.7,2.15,8340,13.6,0,270.9,0.7,1020.4,1023.4,50.8,3.77,11940
2019,12,18,12,0,289.5,1,1020.8,1023.9,52,3.03,10140,14.1,0,277.7,0.9,1019.7,1022.7,50.9,4.56,13740
2019,12,18,12,30,270.9,0.7,1020.4,1023.4,50.8,3.77,11940,14.3,0,228.1,2.4,1019.1,1022.1,50.3,5.22,15060
2019,12,18,13,30,228.1,2.4,1019.1,1022.1,50.3,5.22,15060,15.2,0,262.7,1.8,1018.4,1021.4,50.4,6.36,16860
2019,12,18,16,30,140.7,1.1,1016.5,1019.5,56.5,7.69,20340,12.6,0,274.9,0.7,1016.7,1019.7,61.1,7.8,20400
2019,12,18,23,30,0,0,1014.8,1017.9,84.2,7.8,20400,7.3,0,137.8,0.3,1014.6,1017.7,85.9,7.8,20400
2019,12,19,14,30,332.4,3.6,1011.8,1014.9,89.9,0.77,0,8.7,6.7,315.4,3.4,1012.1,1015.2,85,1.02,0
2019,12,20,12,0,357.3,2.8,1022.7,1025.9,54.7,3.07,9960,4,0,338.1,2.3,1021.7,1024.9,58.5,4.44,12180
2019,12,20,17,30,303.9,3.6,1022.1,1025.3,65.3,9.64,27540,1.1,0,305.7,0.8,1022.1,1025.3,65.5,9.64,27540
2019,12,20,20,0,133.5,0.7,1022.5,1025.7,70.5,9.64,27540,0,0,89.5,0.4,1022.1,1025.3,71.3,9.64,27540
2019,12,21,5,30,23,1.3,1022.5,1025.7,69.1,0,0,-1.5,0,39.3,1.6,1022.3,1025.5,72.6,0,0
2019,12,21,11,0,12.4,2.3,1024.3,1027.5,50,1.82,8400,3.7,0,337.1,2.8,1023.6,1026.8,41.8,3.36,12000
2019,12,21,23,0,0,0,1024.9,1028.1,76.6,10.28,28440,-1.5,0,175.4,0.4,1024.7,1027.9,75.9,10.28,28440
2019,12,22,8,30,59.1,1,1026.6,1029.8,86.7,0,0,0,0.8,40.4,1.4,1026.9,1030.1,74.2,0.2,2460
2019,12,22,17,30,289.8,2.6,1026.4,1029.6,47.9,7.61,24000,-1.3,0.8,0,0,1026.9,1030.2,60.7,7.62,24000
2019,12,22,21,0,150.7,0.7,1027.7,1031,71.6,7.62,24000,-4.2,0.8,62,0.7,1028.2,1031.5,77,7.62,24000
2019,12,22,23,0,0,0,1028.5,1031.8,86.3,7.62,24000,-5.2,0.8,62.3,0.6,1028.1,1031.4,86.6,7.62,24000
2019,12,23,13,30,211,3.5,1023.8,1027,60.6,3.38,4200,4.9,0,190.9,4.7,1023.4,1026.6,64.6,4.35,4200
2019,12,24,19,0,88.5,0.3,1015.8,1018.9,64.6,7.1,16020,5.6,0,36.4,0.5,1015.8,1018.9,70.8,7.1,16020
2019,12,25,22,30,35.3,0.8,1023.3,1026.5,84.9,4.03,7800,0.9,2.2,77.3,1.5,1023.3,1026.5,90.8,4.03,7800
2019,12,26,8,0,17.1,1.4,1025.3,1028.6,97.5,0,0,-1.1,0,79.5,0.4,1025.5,1028.7,92.7,0.08,0
2019,12,26,11,30,345.8,1.5,1026.1,1029.3,74.6,2.2,8880,4.7,0,20.9,1.9,1025.2,1028.4,58.2,3.86,12480
2019,12,27,2,30,59.2,0.9,1022.5,1025.8,92.4,0,0,-3.5,0,0,0,1022.3,1025.6,90.1,0,0
2019,12,28,1,30,35.4,1,1016.9,1020.1,64.2,0,0,3.6,0,54.4,1.3,1016.4,1019.6,68.6,0,0
2019,12,28,4,0,12.1,1.3,1015.6,1018.7,65.5,0,0,4,0,9.6,2.4,1015.7,1018.8,71.4,0,0
2019,12,28,13,30,318.6,3.4,1014.2,1017.4,87.1,0.72,0,3.7,2.5,351.5,1.5,1013.4,1016.5,72.4,1.16,0
2019,12,29,15,30,337.8,2.2,1022.4,1025.6,31.6,9.75,24300,3.2,0,302.9,3.7,1022.6,1025.8,40.7,10.74,27900
2019,12,30,17,30,161.8,1.1,1024.7,1027.9,61,10.08,30180,2.8,0,151.1,1.1,1025.1,1028.3,71,10.09,30180
2019,12,31,5,30,0,0,1023.4,1026.6,76.2,0,0,-0.3,0,36.9,0.6,1023.2,1026.4,71.3,0,0
2019,12,31,10,0,37.4,1.1,1023.7,1026.9,60.4,0.32,0,5.6,0,38.4,1,1023.8,1027,48.6,0.8,0
2020,1,1,16,30,298.7,6.5,1021.3,1024.5,63.7,2.64,240,3.8,0.4,330.6,3.1,1022.3,1025.5,63.3,2.79,240
2020,1,2,15,0,354.9,3.4,1032.5,1035.8,50.1,8.81,20040,-3.3,0.1,300.2,3.2,1032.3,1035.6,50.1,10.13,23640
2020,1,3,0,30,0,0,1030.9,1034.2,83.9,11.05,29820,-5.7,0,0,0,1029.6,1032.9,80.3,0,0
2020,1,5,19,30,140.8,0.2,1024.6,1027.8,77.3,9.57,27840,-1.2,0,0,0.1,1024.5,1027.7,85.3,9.57,27840
2020,1,6,12,0,0,0,0,0,0,0,0,0,0,0,0,0,0,0,0,0
2020,1,7,6,30,95.5,0.2,1027.2,1030.5,91.4,0,0,-5.6,0,224.8,0.4,1027.9,1031.2,93.1,0.01,0
2020,1,7,12,0,26.1,1.3,1028.6,1031.8,46,3.8,11640,6.6,0,16.1,1.2,1027.6,1030.8,32.9,5.62,15240
2020,1,7,13,0,16.1,1.2,1027.6,1030.8,32.9,5.62,15240,6.7,0,32.5,2.3,1027.1,1030.3,31.8,7.25,18840
2020,1,7,13,30,10.7,1.9,1027.3,1030.5,30.5,6.44,17040,7.2,0,30.4,2.4,1026.9,1030,30.9,8.01,20640
2020,1,7,18,30,31.8,1,1027.8,1031,41.7,10.22,25200,2.7,0,33.7,0.9,1027.7,1030.9,46.8,10.22,25200
2020,1,7,21,0,47.8,1,1027.4,1030.6,56,10.22,25200,0.4,0,33,0.8,1027.4,1030.6,61.8,10.22,25200
2020,1,7,21,30,335.1,0.8,1027.3,1030.5,57.7,10.22,25200,0.7,0,68.2,1.2,1027.3,1030.5,62.5,10.22,25200
2020,1,7,23,30,65.4,0.9,1026.7,1029.9,63.1,10.22,25200,1.8,0,6.3,2.3,1026.4,1029.6,56.6,10.22,25200
2020,1,8,3,0,33.5,0.7,1025.5,1028.7,53.4,0,0,2.2,0,38.6,0.2,1025.6,1028.8,54.8,0,0
2020,1,8,4,0,38.6,0.2,1025.6,1028.8,54.8,0,0,1.5,0,75.8,1,1025.8,1029,64,0,0
2020,1,8,5,30,13.1,0.6,1025.3,1028.5,61.4,0,0,1.3,0,185.2,1.4,1025.8,1029,71.4,0,0
2020,1,8,6,0,0,0,1025.2,1028.4,68.3,0,0,1.4,0,207.7,1.3,1026.2,1029.4,70.6,0,0
2020,1,8,9,30,349.3,1.5,1025.1,1028.3,86.8,0.06,0,3.3,NaN,169.9,0.6,1024.4,1027.6,83.8,0.18,0
2020,1,8,11,0,60.4,2,1024.3,1027.5,82.1,0.27,0,3.8,NaN,15.4,0.6,1024,1027.2,79.6,0.5,0
2020,1,8,13,0,52.8,2.2,1022.4,1025.6,84.2,0.83,0,4.5,NaN,65.3,2.7,1021.3,1024.5,83.6,1.13,0
2020,1,8,19,0,67.9,2.8,1018.2,1021.4,97.5,1.64,0,4.2,NaN,49.9,2.7,1018.3,1021.5,97.5,1.64,0
2020,1,9,0,0,51,3.2,1016.1,1019.2,97.5,1.64,0,4.9,0.9,68.6,3.4,1015.2,1018.3,97.5,0,0
2020,1,9,0,30,55.1,3.5,1015.5,1018.6,97.5,1.64,0,5,2,62.3,2.7,1014.8,1017.9,97.5,0,0
2020,1,9,1,0,68.6,3.4,1015.2,1018.3,97.5,0,0,5.2,3.4,70.5,3.3,1014.4,1017.5,97.5,0,0
2020,1,9,1,30,62.3,2.7,1014.8,1017.9,97.5,0,0,5.4,4.9,67.1,3.7,1013.6,1016.7,97.5,0,0
2020,1,9,2,0,70.5,3.3,1014.4,1017.5,97.5,0,0,5.6,6.1,64.2,3,1013.4,1016.5,97.5,0,0
2020,1,9,2,30,67.1,3.7,1013.6,1016.7,97.5,0,0,5.7,7.7,48.4,2,1012.9,1016,97.5,0,0
2020,1,9,6,30,48.3,1.6,1012,1015.1,97.5,0,0,6.5,19.4,45.9,1,1012.3,1015.4,97.5,0,0
2020,1,9,7,0,22.8,1.4,1012.3,1015.4,97.5,0,0,6.5,19.7,34.2,1.5,1012.3,1015.4,97.5,0,0
2020,1,9,22,30,182.3,6.4,997.5,1000.5,97.5,0.64,0,10,42.5,188,5.3,996.7,999.7,97.5,0.64,0
2020,1,10,4,0,263.9,7,1002.6,1005.7,93.4,0,0,4.4,0.6,267,6.2,1003.8,1006.9,92.3,0,0
2020,1,10,10,30,288,5.3,1012.2,1015.3,92.5,0.08,0,3.8,1.3,306.2,4.7,1013.4,1016.5,87.7,0.18,0
2020,1,10,21,0,301.3,3.9,1019.7,1022.9,74.7,0.89,0,2.6,1.3,291,3,1020.2,1023.4,72.4,0.89,0
2020,1,10,23,0,305.9,3.6,1020.4,1023.6,68.4,0.89,0,2.5,1.3,299.6,3.6,1020.6,1023.8,65.3,0.89,0
2020,1,11,18,0,322,1.7,1021.4,1024.6,66.4,9.74,26460,0.2,0,318.8,1.4,1021.9,1025.1,69.8,9.74,26460
2020,1,12,9,30,0,0.1,1023.1,1026.4,96,0.18,900,-1.1,0,83.8,0.1,1023.1,1026.3,86.5,0.71,3600
2020,1,12,10,30,83.8,0.1,1023.1,1026.3,86.5,0.71,3600,1,0,41.4,0.8,1022.3,1025.5,72.5,1.85,7200
2020,1,12,12,30,33.8,1,1021.3,1024.5,63.7,3.49,10800,3.9,0,10.6,3.3,1020,1023.2,51.8,5.26,14400
2020,1,13,15,30,305.8,2.7,1016.5,1019.6,45.5,7.9,19380,4.2,0,326.1,4.7,1016.5,1019.6,38.1,9.01,22980
2020,1,14,1,30,0,0,1015.9,1019.1,82.6,0,0,0.4,0,301,3,1015.9,1019.1,69.3,0,0
2020,1,14,6,0,177.6,1.1,1014.8,1018,75.8,0,0,-0.5,0,0,0,1014.9,1018.1,76.3,0,0
2020,1,14,7,0,0,0,1014.9,1018.1,76.3,0,0,0.2,0,292.1,1.1,1015.5,1018.7,72.1,0,0
2020,1,14,22,30,279.5,2.6,1017.7,1020.9,58.8,9.75,23220,1.3,0,285.2,3.4,1018,1021.2,60.2,9.75,23220
2020,1,15,3,30,21.8,1.2,1017.9,1021.1,60.8,0,0,1,0,349.2,1.6,1017.7,1020.9,66.4,0,0
2020,1,15,10,0,281.9,4.7,1020.4,1023.6,55,0.56,2820,0.4,0,310.3,2.2,1021.3,1024.5,63.8,1.22,4500
2020,1,16,17,30,304,3.6,1022.6,1025.8,62.1,6.96,11580,0.3,0,5,0.9,1023.3,1026.5,63.1,7.01,12000
2020,1,23,6,30,26.9,0.4,1027.1,1030.4,80.8,0,0,-6.4,0,0,0,1028.2,1031.5,83.3,0,0
2020,1,24,2,0,32.9,0.8,1025.1,1028.3,64.4,0,0,0.5,0,49.5,1.1,1024.7,1027.9,56.1,0,0
2020,1,25,14,0,6.5,3,1020.6,1023.7,38.4,7.19,19020,9.8,0,327.8,2.3,1019.8,1022.9,47.9,8.87,22620
2020,1,26,1,0,108.3,1.2,1024.7,1027.9,88.2,0,0,0.6,0,151.5,0.9,1025.2,1028.4,95,0,0
2020,1,26,8,0,25.5,1.2,1027.2,1030.4,89,0,0,1,0,45.2,1.5,1028.1,1031.3,85.8,0.1,840
2020,1,26,11,30,351.7,1.2,1028.5,1031.7,63.8,2.43,9840,6,0,338.8,3.9,1028.1,1031.3,53.1,4.19,13440
2020,1,28,13,30,71.6,3,1023.7,1026.8,53.4,5.58,13440,11.1,0,85.5,1.7,1022.6,1025.7,48.9,7.42,17040
2020,1,30,14,30,56,2.1,1014.1,1017.2,47.5,5.17,4740,10.7,0,18.4,1.2,1013.9,1017,48.7,6.33,6840
2020,2,1,4,30,0,0,1011,1014.2,95.7,0,0,0.6,0,60.8,0.1,1011,1014.2,97.5,0,0
2020,2,1,18,0,303.2,2.2,1011.9,1015,59.5,8.7,18240,4.1,0,233.6,0.1,1012.6,1015.7,67.9,8.72,18240
2020,2,4,7,0,0,0.1,1023.4,1026.7,93.4,0,0,-5.5,0,0,0,1023.9,1027.2,94,0,0
2020,2,4,13,30,227.3,1.1,1022.9,1026,45.4,5.67,16680,6.7,0,209.8,3.7,1022.1,1025.2,45.6,7.31,20220
2020,2,4,23,30,255.7,0.6,1022.6,1025.8,80,10.28,26280,-0.3,0,177.8,0.3,1022.5,1025.7,79,10.28,26280
2020,2,5,1,0,162.3,0.5,1022.3,1025.5,77.6,0,0,0.2,0,0,0,1022.1,1025.3,76.2,0,0
2020,2,5,3,0,308.1,1.5,1022.3,1025.5,80.5,0,0,1.6,0,333.6,1.6,1022.3,1025.5,73.5,0,0
2020,2,5,13,0,329.8,4.5,1025.1,1028.3,50.7,4.51,12240,3.2,0,319.2,6.3,1024.8,1028,41.6,6.62,15840
2020,2,5,14,30,314.8,2.5,1024.6,1027.8,43.9,7.68,17640,3.4,0,301.6,3.1,1024.7,1027.9,39.4,9.49,21180
2020,2,6,6,0,359.9,0.4,1025.3,1028.6,85.1,0,0,-7.7,0,336.2,0.3,1025.3,1028.6,89.1,0,0
2020,2,6,18,30,203.6,3.2,1021.6,1024.8,67.8,14.09,30180,2.1,0,235.4,2.9,1022,1025.2,80,14.09,30180
2020,2,7,16,0,9,3.2,1028.9,1032.2,38.8,13.34,26700,-3.8,0,356.4,2.3,1029.1,1032.4,41,14.6,30300
2020,2,7,20,0,306.9,1.2,1030.8,1034.1,54.7,15.22,35160,-6.1,0,5,0.9,1030.9,1034.2,53.5,15.22,35160
2020,2,8,3,30,31.1,1.1,1031.9,1035.3,57.9,0,0,-8.6,0,14.8,1.2,1031.7,1035.1,57.1,0,0
2020,2,8,21,30,108.9,0.5,1030,1033.3,64.9,13.11,32520,-7.5,0,44.7,0.6,1029.8,1033.1,71.5,13.11,32520
2020,2,9,9,30,0,0,1028.6,1031.9,66.2,0.21,0,-1,0,140.2,0.4,1028.6,1031.9,55.6,1,1680
2020,2,11,21,0,283.5,1,1020.1,1023.3,75.5,15.07,34080,-2.7,0,343.4,0.6,1020,1023.2,81.2,15.08,34080
2020,2,12,16,0,220.5,2.2,1020.8,1023.9,39.8,12.41,25620,10.3,0,293.4,1.7,1020.9,1024,42.5,13.48,29220
2020,2,12,16,30,304.6,1.2,1020.9,1024,42.7,13.03,27420,9.6,0,337.5,3.4,1021.2,1024.3,31.4,13.8,31020
2020,2,12,17,0,293.4,1.7,1020.9,1024,42.5,13.48,29220,8.5,0,355.5,1.5,1021.3,1024.4,34.4,14,32820
2020,2,12,18,0,355.5,1.5,1021.3,1024.4,34.4,14,32820,5.4,0,54.7,1.2,1021.9,1025.1,50.8,14.05,33960
2020,2,12,22,30,0,0.1,1023.5,1026.7,63.4,14.05,33960,-1.4,0,47.8,0.2,1023.9,1027.1,65.8,14.05,33960
2020,2,13,16,0,185.9,4.8,1023.3,1026.4,25,13,27000,11.2,0,209.1,3.1,1023.1,1026.2,30.4,14.1,30600
2020,2,13,16,30,180.5,4.4,1023.2,1026.3,26.3,13.69,28800,10,0,191,2.8,1023,1026.1,35.7,14.27,30840
2020,2,13,17,0,209.1,3.1,1023.1,1026.2,30.4,14.1,30600,9.4,0,189.9,1.2,1022.9,1026,38.4,14.41,30840
2020,2,13,18,0,189.9,1.2,1022.9,1026,38.4,14.41,30840,7.5,0,200.6,0.9,1022.9,1026,44.7,14.46,30840
2020,2,13,22,30,34.2,0.6,1022.5,1025.7,53.6,14.46,30840,5.8,0,42.9,0.3,1021.9,1025.1,52.2,14.46,30840
2020,2,14,0,30,29.7,0.7,1021.4,1024.6,51.5,14.46,30840,6.1,0,43.8,1.1,1020.7,1023.8,54.8,0,0
2020,2,16,1,0,25,1.5,1018.2,1021.3,97.3,0,0,4.2,0,22.6,1,1017.9,1021.1,96.6,0,0
2020,2,16,13,30,72.1,1.1,1017,1020.1,58.8,6.85,12900,14.1,0,300.1,1.7,1016.8,1019.8,48.8,9.04,16500
2020,2,16,16,30,64.8,0.8,1015.7,1018.7,49.5,12.43,23700,14.4,0,348.1,1.7,1016.2,1019.2,54.1,13.25,27300
2020,2,17,1,0,25.5,1.4,1018.6,1021.7,90.2,0,0,5.4,0,30,1.5,1018.2,1021.3,88,0,0
2020,2,17,6,0,12.8,0.8,1016.9,1020.1,90.8,0,0,2.9,0,66.2,0.7,1017.2,1020.4,93.2,0,0
2020,2,17,20,30,321.5,3.1,1012.9,1016,92,7.17,14520,6.1,0.3,295.1,0.7,1013.2,1016.3,97.1,7.17,14520
2020,2,18,5,0,267.7,3,1010.4,1013.6,96.3,0,0,0.4,5.8,274.5,2.4,1011,1014.2,95.5,0,0
2020,2,20,14,0,309.9,2.8,1025.2,1028.4,40.7,10.49,20400,2,NaN,312.5,2.7,1024.7,1027.9,39.6,12.98,24000
2020,2,20,17,30,311.8,2.6,1025.1,1028.3,40.7,16.9,33000,0.5,NaN,326.6,0.8,1025.5,1028.7,51.7,17.28,36600
2020,2,21,8,0,90.1,0.7,1026.5,1029.8,91.2,0.01,0,-2.4,0,29.8,0.2,1027.1,1030.4,82.2,0.31,2340
2020,2,21,19,0,187.7,1.9,1026.2,1029.4,73.5,14.34,32760,2.8,0,182.6,0.1,1026.7,1029.9,84.5,14.34,32760
2020,2,22,1,30,113.2,0.5,1027.7,1030.9,95.9,0,0,0.2,0,0,0,1027.7,1030.9,96.6,0,0
2020,2,22,21,30,82.4,0.9,1031.7,1034.9,85.7,13,30060,1.7,0,52.5,0.7,1032,1035.2,92,13,30060
2020,2,23,1,30,54.4,1.1,1031.4,1034.6,90.4,0,0,1.7,0,291.8,1.2,1031.4,1034.6,91.6,0,0
2020,2,23,2,0,60.3,0.9,1031.1,1034.3,89,0,0,1.5,0,120.6,0.6,1031.1,1034.3,93.9,0,0
2020,2,23,3,30,33.6,0.6,1030.6,1033.8,94.4,0,0,0.3,0,89.4,0.7,1030.2,1033.4,97.3,0,0
2020,2,23,13,30,185.4,5.4,1027.2,1030.3,43.8,5.11,8520,12.6,0,203.1,4.6,1025.9,1029,48.2,7.14,12060
2020,2,24,4,30,290.9,5.2,1020.5,1023.7,83.6,0,0,4.2,2.1,287.2,3.8,1020.9,1024.1,84.5,0,0
2020,2,24,8,30,177.1,0.9,1022.4,1025.6,90.1,0.05,0,5.1,2.1,221.3,2.1,1022.9,1026.1,85,0.47,180
2020,2,25,9,0,0,0,1028.2,1031.5,80.6,0.47,2640,1.6,0,250.9,0.9,1028.8,1032,65.9,1.97,6420
2020,2,25,14,0,252.6,3.5,1026.5,1029.6,40.5,10.96,20580,8.1,0,235.6,3.8,1025.9,1029,43.2,13.7,24540
2020,2,26,9,30,24.5,0.6,1023.5,1026.7,73.8,0.81,4500,6.7,0,277.6,0.6,1023.2,1026.3,63.3,2.16,8100
2020,2,26,16,0,189.6,2.9,1019.9,1023,54.3,12.9,26040,12.3,0,235.3,3,1019.7,1022.8,56.5,14.08,29100
2020,2,27,19,0,44.6,3.3,1012.6,1015.7,84.6,1.92,0,7.6,40.8,51.1,2.5,1013.8,1016.9,80.9,1.92,0
2020,2,27,20,30,22.5,2.6,1014.2,1017.3,79.6,1.92,0,7.8,40.8,16.7,2.3,1015.2,1018.3,76.3,1.92,0
2020,2,27,21,0,42.8,3.3,1014.7,1017.8,78.4,1.92,0,7.8,40.8,40.7,2.2,1015.5,1018.6,74,1.92,0
2020,2,28,6,0,13.1,1.8,1018.6,1021.8,80.4,0,0,3.6,0,8.5,0.9,1019.2,1022.4,83.2,0,0
2020,2,29,23,0,76.9,0.9,1025.1,1028.3,83.5,17.77,37080,2.3,0,7,0.4,1024.1,1027.3,88.3,17.77,37080
2020,3,1,6,30,0,0,1021.3,1024.5,91.6,0,0,3.5,0,0,0,1021.1,1024.3,88.3,0,0
2020,3,2,15,30,4.8,2.6,1013.8,1016.9,54.2,10.55,14940,11.3,0,354.2,3.7,1014,1017.1,53.4,12.38,18540
2020,3,2,23,0,55.8,0.5,1016.3,1019.5,89.8,13.96,26040,2.9,0,112.9,1.4,1016.1,1019.3,95.6,13.96,26040
2020,3,3,16,0,210.9,2.1,1014.8,1017.9,68.9,5.62,1020,6,0,236.8,4,1015,1018.1,73.8,5.85,1020
2020,3,4,20,0,288.7,0.6,1022.7,1025.9,62.5,18.87,37740,1.7,0,63.9,0.8,1022.8,1026,69.9,18.87,37740
2020,3,5,15,0,210.2,2.3,1019.7,1022.8,55,10.39,18540,8.2,0,253.3,3.4,1020.1,1023.2,54.7,11.28,19260
2020,3,6,13,30,306.3,8.6,1021.1,1024.3,45.2,8.84,17700,3.7,0,281.4,7.9,1020.6,1023.8,50.7,10.24,19860
2020,3,6,17,30,310.2,7,1019.9,1023.1,62.2,13.14,24420,1.3,0,292,5.2,1020,1023.2,57.6,13.38,24720
2020,3,7,6,30,331.1,3.9,1023.2,1026.4,65.5,0,0,-1.4,0,122.8,1.8,1023.8,1027,69,0,0
2020,3,7,7,30,122.8,1.8,1023.8,1027,69,0,0,-1,0,290.2,0.4,1024.3,1027.5,70,0.19,1740
2020,3,8,0,0,0,0,1022.2,1025.5,78.8,20.15,38340,-3.8,0,98.5,0.2,1022.3,1025.6,83.3,0,0
2020,3,9,11,30,79,0.6,1015.4,1018.5,34.7,1.66,0,9.9,0,211,1.2,1014.8,1017.9,36.2,2.53,0
2020,3,9,13,30,237.4,1.8,1014.3,1017.4,35.1,3.48,0,12.3,0,221.3,3.5,1013.8,1016.8,39.7,5.44,960
2020,3,10,11,0,31.6,1.2,1017.4,1020.5,38.9,3.68,10500,14.1,0,48.1,1.9,1017.1,1020.1,30.9,6.09,14100
2020,3,11,16,0,358.4,4.1,1008.4,1011.4,32.4,11.99,19980,13.6,0,8.2,1.4,1008.6,1011.6,29.2,12.37,19980
2020,3,12,6,30,358,2.1,1004.5,1007.6,93,0,0,6.1,3.5,330.6,3.8,1004.7,1007.8,91.7,0,0
2020,3,14,8,0,202.9,0.5,1019.4,1022.6,76.5,0.08,480,3.3,0,179.1,2.5,1019.4,1022.6,68.6,0.73,4080
2020,3,14,15,0,181.2,6.2,1017.4,1020.5,26.7,14.83,25680,11.6,0,179.3,5.2,1017.2,1020.3,32.1,17.09,29280
2020,3,14,17,0,200.1,4.3,1017.7,1020.8,36.7,18.67,32880,9.6,0,196.7,4.6,1017.6,1020.7,56,19.58,36480
2020,3,14,21,0,154.5,1.3,1019.1,1022.3,78.7,19.82,38280,3.7,0,132.6,0.6,1019.2,1022.4,85,19.82,38280
2020,3,16,0,30,344.4,1.7,1019.2,1022.4,55.4,17.85,30900,0.8,0,320,2.7,1018.9,1022.1,51.9,0,0
2020,3,17,6,30,0,0,1009,1012.2,94,0,0,-1.8,0,0,0,1008.8,1012,94.2,0.01,0
2020,3,18,21,0,192.3,2.2,1018.7,1021.9,70.9,21.64,40080,2.6,0,179,1.8,1018.6,1021.8,70.3,21.64,40080
2020,3,20,3,0,209.5,0.7,1013.5,1016.6,97,0,0,3.6,0,180.8,0.7,1013.2,1016.3,97,0.01,0
2020,3,21,11,30,267.5,7.4,1004.6,1007.6,52.9,3.41,5640,9.2,0,267.5,7.2,1005.4,1008.5,54.9,5.32,7980
2020,3,21,14,30,277.3,8.2,1005.6,1008.6,38.4,10.64,14820,11,0,268.8,8.6,1005.6,1008.6,33.5,13.44,18420
2020,3,22,10,0,176.8,2.3,1013.2,1016.3,57.1,2.47,8400,11.6,0,211.1,3.1,1013.1,1016.2,41.9,4.59,12000
2020,3,22,17,30,191.5,6.7,1010.4,1013.4,33.9,20.78,35400,10.3,0,192.6,5.3,1010.2,1013.3,45.3,21.41,39000
2020,3,24,6,0,35.7,0.5,1010.7,1013.8,97,0.01,0,5.7,0,1.1,1.1,1011.3,1014.4,77,0.01,0
2020,3,24,8,30,10.2,1.4,1012.1,1015.2,60.1,0.52,3420,9.3,0,1.3,3.3,1012.3,1015.4,50.4,1.8,7020
2020,3,24,13,0,5.3,2.7,1012.2,1015.2,21.6,11.01,19620,14.6,0,307.9,6.1,1011.9,1014.9,28.8,14.18,23220
2020,3,24,21,30,321.8,2.8,1014.3,1017.4,47.8,23.16,41460,7.9,0,324.9,3.9,1014.6,1017.7,41.9,23.16,41460
2020,3,25,9,0,265.5,0.4,1016.2,1019.3,68.4,0.91,4980,9.7,0,214.4,2.8,1016.6,1019.7,51.8,2.38,8580
2020,3,26,14,30,223.4,2.9,1017.1,1020.1,29.5,14.54,24840,17.6,0,222.1,4.6,1016.7,1019.7,28.4,17.11,28440
2020,3,27,5,0,0,0,1017.8,1021,80,0,0,1.4,0,0,0,1017.9,1021.1,82.2,0,0
2020,3,27,20,0,24.4,1.3,1015.7,1018.8,57.5,20.95,36180,11.3,0,54,0.3,1016.2,1019.3,62.7,20.95,36180
2020,3,29,4,30,341.4,1.9,1007.5,1010.5,97,0,0,11.2,11,22.3,1.4,1007.6,1010.6,97,0,0
2020,3,29,6,30,334.3,1.8,1007.8,1010.9,97,0,0,9.5,11.2,334.5,3,1008.2,1011.3,96.9,0,0
2020,3,29,7,30,334.5,3,1008.2,1011.3,96.9,0,0,9.2,11.2,322.2,2.2,1009.2,1012.3,94.1,0.06,0
2020,3,29,9,0,294.2,4,1009.9,1013,93.8,0.09,0,8.7,11.2,316.4,4.6,1009.9,1013,86.3,0.47,0
2020,3,29,19,30,295.1,4.1,1013.6,1016.7,53.8,17.91,25920,6.4,11.2,301.6,4.9,1015.1,1018.2,53.2,17.91,25920
2020,3,30,2,0,334.1,5.8,1018.3,1021.4,39.1,0,0,7.1,0,356.2,3.9,1018.6,1021.7,31.6,0,0
2020,3,30,4,30,358.9,2.6,1019.4,1022.5,33,0,0,5.7,0,2.8,2.9,1019.4,1022.5,32.3,0,0
2020,3,31,11,30,212.7,1.7,1019.9,1023,36.1,6.87,14460,12.8,0,268.9,2.4,1019,1022.1,35.5,9.85,18060
2020,3,31,19,30,312.5,1.6,1017.6,1020.7,40.3,22.19,36480,7.5,0,309.4,0.3,1017.5,1020.6,51.4,22.19,36480
