Year,Month,Day,Hour,Minute,TempOut,Precipitation,WindDirection,WindSpeed,LocalPressure,SurfacePressure,HumOut,Radiation,Sunlight
2019,4,3,17,0,11.3,0,331.7,4.9,1020,1023.2,24.7,21.82,34560
2019,4,4,16,0,13.9,0,274.9,4.6,1013.6,1016.7,31.4,21.96,32580
2019,4,4,17,0,12.7,0,326,5.2,1012.8,1015.9,40.8,23.57,36180
2019,4,5,11,0,13.8,0,326.3,3.4,1007.6,1010.7,65.6,3.57,4560
2019,4,5,17,0,14.2,0,331.2,5,1007.1,1010.2,18.4,20.14,26160
2019,4,5,19,0,9.7,0,332.3,2.7,1007.8,1010.9,31.1,21.2,30480
2019,4,6,5,0,1.2,0,351.9,1,1010.1,1013.3,72.8,0,0
2019,4,7,1,30,10.5,0,33.6,1.6,1008.4,1011.5,44.8,0,0
2019,4,7,6,30,8.6,0,10.3,1.7,1008.3,1011.4,55.9,0,0
2019,4,9,0,30,5.2,0,44.4,2.3,1015.9,1019.1,58.3,0,0
2019,4,9,2,30,5.6,0,26.2,0.8,1015.2,1018.4,62.3,0,0
2019,4,9,13,30,14.6,0,70.7,3,1011,1014.1,21.4,4.57,1260
2019,4,10,12,0,7.7,1.4,5.1,3.3,1009.8,1013,81.7,2.33,0
2019,4,10,13,30,7.3,1.4,351,2.8,1009.5,1012.7,83.9,3.05,0
2019,4,11,3,30,1.1,0,0,0,1012.4,1015.7,97.2,0,0
2019,4,11,8,30,5.1,0,25,0.4,1013.1,1016.3,97.2,1.01,960
2019,4,12,1,0,5.2,0,275.2,0.3,1013.9,1017.1,89.9,0,0
2019,4,12,2,0,3.6,0,0,0.1,1013.6,1016.8,96.1,0,0
2019,4,12,18,30,12.7,0,287.1,1.4,1016.5,1019.6,37.9,25.45,39720
2019,4,12,20,30,8.9,0,0.6,1,1017,1020.2,70.3,25.49,39960
2019,4,13,3,0,3.2,0,4.5,0.6,1017.7,1020.9,95.9,0,0
2019,4,13,9,30,11.9,0,326.6,1.3,1018.7,1021.8,52.5,3.11,8820
2019,4,13,11,30,16.3,0,351.2,2.7,1018.1,1021.2,26.7,8.5,16020
2019,4,13,20,30,10.2,0,354.5,0.7,1016,1019.2,38.9,23.89,35760
2019,4,15,11,0,14.4,0,343.4,2.5,1017.2,1020.3,50.5,7.55,15780
2019,4,16,8,30,12,0,346.4,0.7,1015.9,1019,54.6,1.84,6900
2019,4,17,4,0,7.2,0,13.7,0.8,1011.8,1015,61.5,0,0
2019,4,18,19,30,11.7,0,331,2.1,1009.5,1012.6,93.4,9.78,8520
2019,4,20,1,30,13.2,0,282.9,2.8,1014,1017.1,82.3,0.01,0
2019,4,20,12,0,17.8,0,326,3.2,1012.9,1015.9,59.5,7.49,10080
2019,4,20,16,30,18.4,0,293.5,5.3,1010.7,1013.7,58.6,16.92,22200
2019,4,21,21,0,12.9,0.1,16.7,0.5,1011.6,1014.7,83.4,9.2,10620
2019,4,22,0,0,11.8,0.1,356.6,1.9,1012.3,1015.4,89,9.21,10620
2019,4,23,1,0,14.3,0,0,0,1013.1,1016.2,83.9,0,0
2019,4,25,4,30,11.9,0,154.4,0.5,1003.5,1006.6,97.7,0.01,0
2019,4,25,9,30,14.6,0,0,0,1003.9,1007,88.6,1.41,0
2019,4,26,20,0,8.6,2,19.1,2.2,1013.5,1016.7,93.3,4.01,0
2019,4,27,0,0,7,2,33.4,2,1016.4,1019.6,95.7,4.01,0
2019,4,27,5,0,3.5,0,82.2,0.4,1018.4,1021.6,97.8,0,0
2019,4,27,14,0,16.2,0,329.6,3.7,1018.8,1021.9,41.7,23.25,27360
2019,4,27,14,30,16,0,337.7,2.6,1017.8,1020.9,43.3,24.47,27600
2019,4,28,22,0,9.9,0.2,29,0.6,1016.8,1020,67.3,20.01,12360
2019,4,29,1,0,8.4,0,38.2,1.1,1016.3,1019.5,77.9,0,0
2019,4,30,5,30,8,0,43.4,0.9,1007.1,1010.2,97.6,0,0
2019,4,30,16,0,20.1,0,314.1,3.8,1004.5,1007.5,43,23.6,30420
2019,5,1,15,30,20,0,309.4,5.5,1003.4,1006.4,46.5,10.68,28320
2019,5,1,22,0,10.5,0,225.7,1.1,1005.7,1008.8,86.6,12.87,40260
2019,5,2,0,0,8.1,0,0,0,1006.5,1009.6,95,12.87,40260
2019,5,2,3,0,6.7,0,0,0,1007.1,1010.3,97.4,0,0
2019,5,3,3,0,7.6,0,24,0.8,1012.4,1015.6,80.7,0,0
2019,5,5,14,30,26.2,0,319.9,4.8,1012.6,1015.6,17.6,25.56,27300
2019,5,6,1,30,12.6,0,341.5,2.7,1014.1,1017.2,61.7,0,0
2019,5,7,13,0,19.7,0,218.7,3.8,1014.4,1017.4,35.7,21.16,24420
2019,5,8,3,0,6.8,0,312.5,0.9,1012.9,1016.1,88.1,0,0
2019,5,8,5,30,7.7,0,225.5,0.6,1012.3,1015.5,79.8,0,0
2019,5,8,6,0,8.4,0,270.6,0.7,1012.3,1015.5,77.2,0.04,0
2019,5,8,10,0,16,0,196.7,3.2,1012,1015.1,54.3,6.93,13320
2019,5,8,21,0,12.7,0,180.9,2.2,1009.4,1012.5,75.9,29.82,38160
2019,5,8,23,30,11.7,0,187.2,0.8,1009.1,1012.2,82.1,29.83,38160
2019,5,9,4,0,10.5,0,222.9,0.1,1008.6,1011.7,87.5,0,0
2019,5,10,1,30,8.4,0,0,0.1,1010.5,1013.7,95.4,0,0
2019,5,10,19,0,17.4,0,328.9,1.2,1010.5,1013.5,44.1,26.5,42600
2019,5,11,4,30,8.2,0,0,0,1011.2,1014.4,87.1,0,0
2019,5,11,5,30,8.3,0,22.5,0.3,1011.5,1014.7,72.5,0,0
2019,5,11,15,30,24,0,306.9,3.4,1010.6,1013.6,19.1,23.39,33420
2019,5,12,9,30,20.1,0,249.6,1,1012.8,1015.8,32.9,3.37,5760
2019,5,12,15,0,26.6,0,202.8,1.4,1011.6,1014.5,23.5,19.37,25560
2019,5,13,18,0,15.2,0.4,221.4,4.8,1011.6,1014.7,87.3,15.23,19320
2019,5,14,5,0,11.5,0,0,0,1010.2,1013.3,97.2,0,0
2019,5,14,23,30,14.4,0,0,0,1011.1,1014.2,87.4,27.78,43020
2019,5,15,23,30,15.9,0,0,0,1009.6,1012.7,82.6,25.84,38580
2019,5,16,5,30,14.1,0,62.5,0.9,1009.1,1012.2,95.1,0,0
2019,5,17,10,0,24.1,0,72.6,1.1,1010.3,1013.3,45.8,4.35,8700
2019,5,17,23,0,19.3,0,260.3,0.6,1008.7,1011.7,67.3,12.72,9600
2019,5,18,15,30,18.9,2.8,79.5,3.7,1007.7,1010.7,85.7,12.15,5520
2019,5,19,1,30,19,0,81.5,4,1007.9,1010.9,79.3,0,0
2019,5,19,23,30,20,3.6,181.9,0.2,1002.6,1005.6,97.2,8.43,720
2019,5,21,3,0,11.3,0,169.6,3.1,1005.4,1008.5,86.8,0,0
2019,5,22,11,0,20.5,0,189.8,5.4,1003.9,1006.9,56.5,9.5,17940
2019,5,22,15,30,22,0,186.2,5.1,1002.5,1005.5,50.9,24.52,34140
2019,5,22,18,0,21,0,193.2,4.3,1002.6,1005.6,54.1,28.86,43140
2019,5,22,22,0,16.2,0,171.6,2.2,1003.9,1006.9,76.3,29.34,46020
2019,5,23,21,0,18.5,0,194.6,2.8,1006.9,1009.9,81.7,29.31,47520
2019,5,23,21,30,17.7,0,195.3,2.2,1007.3,1010.3,89.4,29.31,47520
2019,5,24,12,0,25.3,0,205.5,5.8,1008.7,1011.7,46.6,11.88,20880
2019,5,25,1,0,16.7,0,198.9,2.1,1010,1013.1,92.2,0,0
2019,5,26,4,30,17.1,0,74.5,1.6,1012.7,1015.8,83.7,0,0
2019,5,27,3,30,18.7,1,150.1,3.5,1005,1008,95.2,0,0
2019,5,30,22,0,16.8,0.1,246.5,2.6,1010.6,1013.6,68.2,15.4,15240
2019,5,31,1,30,14.9,0,0,0.1,1008.6,1011.6,88.4,0,0
2019,5,31,17,30,20.5,0,248,3.7,1006.8,1009.7,53,28.52,39540
2019,6,3,1,30,14.4,0,64.9,0.6,1005.2,1008.2,85.9,0,0
2019,6,5,11,0,21.7,0,9.3,0.5,1010.3,1013.2,71.6,3.96,480
2019,6,5,11,30,22.8,0,202.4,2.4,1010.5,1013.4,66.8,5.54,2280
2019,6,7,4,30,16.8,11,23.5,3.8,997.1,1000,97.5,0,0
2019,6,7,20,0,21.5,25.3,333.7,1.3,1002.4,1005.3,66.2,9.39,10020
2019,6,8,7,0,18.8,0,92.6,1.4,1006.3,1009.2,81,0.66,3660
2019,6,8,9,30,21.9,0,269.3,1.6,1006.7,1009.6,64.3,4.71,12660
2019,6,8,19,30,21,0,210.2,1.8,1004.8,1007.7,78.8,23.56,40920
2019,6,9,16,0,21.6,0,321.9,3,1001.3,1004.2,71,15.79,17580
2019,6,9,17,30,21.7,0,345.3,2.1,1000.9,1003.8,70.7,17.54,19620
2019,6,12,17,0,24.7,0,316.4,3.3,1007,1009.9,52.6,26.87,39120
2019,6,13,23,30,18.8,0,41,0.6,1006.8,1009.7,68,28.37,42780
2019,6,14,15,30,25.7,0,304.6,1.9,1001.9,1004.8,44.7,17.37,15660
2019,6,15,16,30,23.6,0,309.5,6.3,996.7,999.6,57.3,25.2,34260
2019,6,15,23,30,16.8,0,157.6,1.3,999.6,1002.5,86.7,28.27,45060
2019,6,16,9,30,22.1,0,0,0,1003.8,1006.7,58.1,4.96,12780
2019,6,17,5,0,16.5,0,173.6,0.7,1009.2,1012.2,97.4,0,0
2019,6,18,19,0,21.3,0.1,182.5,1.5,1007,1009.9,83.6,10.53,5700
2019,6,19,1,30,19.2,0,218.5,1.5,1006,1008.9,97.4,0,0
2019,6,19,16,0,24.6,0,195.3,1,1003.9,1006.8,62.1,11.44,4320
2019,6,19,20,0,21.1,0,318.5,1.9,1004.4,1007.3,76.2,13.77,11880
2019,6,21,9,0,21.7,0,307.1,1,1003.9,1006.8,66.8,1.63,0
2019,6,21,10,0,22.3,0,338.2,2.4,1004,1006.9,68.6,2.91,660
2019,6,21,13,30,24.6,0,323.2,2.5,1002.9,1005.8,59.3,11.82,8520
2019,6,21,15,30,26.2,0,345.9,2.8,1002.4,1005.3,56.4,17.06,14520
2019,6,21,17,0,24,0,315.9,3.4,1002.3,1005.2,61.8,19.98,19800
2019,6,23,8,0,21.3,0,309,1.1,1005.8,1008.7,77,1.76,7260
2019,6,24,7,30,20.9,0,143.6,1.1,1009.3,1012.2,69.1,1.01,5460
2019,6,24,16,0,27.5,0,239.9,2.8,1009.2,1012.1,46.5,25.23,36060
2019,6,26,19,30,22.8,1,47.4,1.2,1002.4,1005.3,83.2,9.93,3240
2019,6,26,22,30,21,1.6,72.7,2,1001.8,1004.7,97.4,9.93,3240
2019,6,27,0,0,21,1.6,45.1,1.3,1001.1,1004,97.4,9.93,3240
2019,6,27,5,30,21,0,348.8,0.6,998.9,1001.8,97.4,0.01,0
2019,6,27,9,0,23.5,0,350.3,2.6,998.6,1001.5,85.2,1.64,0
2019,6,27,11,0,25,0,15.7,1.1,998,1000.9,79.7,4.3,1140
2019,6,27,15,0,26.3,0,267.2,1.4,997.1,999.9,73.7,8.25,1680
2019,6,27,15,30,26.7,0,314.3,1.9,997.1,999.9,69,9.2,3000
2019,6,28,10,30,25.5,0,189.9,2.2,999.8,1002.7,67,4.79,3480
2019,6,29,5,0,20.1,2.6,0,0,997.8,1000.7,97.4,0,0
2019,6,29,10,0,22.4,2.6,299.9,0.6,996.8,999.7,89.5,1.43,0
2019,6,30,3,0,19.5,0,56.6,1.3,995.3,998.2,91.9,0,0
2019,6,30,23,0,22.1,0,226.8,1.8,1001.2,1004.1,97.4,10.99,5820
2019,7,7,5,30,21.3,0,57.7,0.7,1004.5,1007.4,72,0,0
2019,7,8,1,0,22.7,0,72,2.5,1004.7,1007.6,54.8,0,0
2019,7,8,19,0,26.4,0,7.1,2.1,1003.1,1006,52.6,27.71,43380
2019,7,8,21,0,23.7,0,16.7,2.1,1003.8,1006.7,61.7,27.83,44880
2019,7,9,6,0,20,0,70.8,2.9,1004.2,1007.1,72.4,0.03,0
2019,7,10,0,30,23.7,0,95.1,1.9,1003.4,1006.3,60.7,0,0
2019,7,13,13,0,22,52.5,176.6,2.1,999.5,1002.4,95.8,2.45,0
2019,7,13,13,30,22.4,52.5,198.3,2.5,999.3,1002.2,92.8,3,0
2019,7,13,15,0,23,52.5,177.9,2.2,998.4,1001.3,84.6,4.62,0
2019,7,14,1,0,21.1,0,164,0.3,999.4,1002.3,97.2,0,0
2019,7,14,13,0,27.4,0,253.7,2.1,999.8,1002.6,68.9,12.09,10560
2019,7,14,13,30,25.9,0,284.4,2.8,999.7,1002.6,77.7,12.99,11520
2019,7,15,7,30,23,0,173.1,0.8,1003.8,1006.7,96.8,0.45,0
2019,7,15,8,0,23.2,0,151.1,1,1003.7,1006.6,95.6,0.56,0
2019,7,15,8,30,23.4,0,210.2,1,1003.8,1006.7,93.6,0.75,0
2019,7,17,3,30,20.3,0,0,0,1009.3,1012.2,97.2,0,0
2019,7,17,19,30,24.1,0,58.2,1.6,1007.5,1010.4,73.9,14.91,11100
2019,7,18,14,30,30.5,8.5,99.3,2.5,1005,1007.8,51.7,16.92,25920
2019,7,19,5,0,22.8,0,31.4,1.7,1004.2,1007.1,91.7,0,0
2019,7,19,9,0,28.4,0,59.7,3.2,1003.3,1006.1,67.8,3.05,10260
2019,7,19,18,30,28.7,0.3,120.7,0.2,1002.4,1005.2,75.4,17.74,26640
2019,7,20,13,0,28.8,0.4,77.2,4.5,994.3,997.1,71.9,4.98,0
2019,7,20,17,0,27.8,0.4,78.1,3,993.8,996.6,75.2,8.95,1020
2019,7,22,20,0,25.1,0,188.7,1.4,1003.2,1006.1,92.8,17.89,24180
2019,7,23,2,30,23.9,0,191.8,2.2,1004.1,1007,97.2,0,0
2019,7,23,14,0,29.3,0,196.8,4.9,1002.3,1005.1,69.5,14.63,17700
2019,7,24,2,30,24.6,0.7,186.3,2.4,1001.2,1004.1,97.3,0,0
2019,7,24,11,0,25.3,1.4,183.6,4.5,1001.9,1004.8,97.3,0.99,0
2019,7,24,17,0,27,1.4,174.1,3.2,1001.2,1004,87.8,5.93,540
2019,7,25,8,30,24.8,NaN,185.7,2.9,1002.7,1005.6,97.3,NaN,NaN
2019,7,26,0,0,24.9,NaN,178,2,1002.1,1004.9,97.3,NaN,NaN
2019,7,26,1,30,24.8,0.2,191.7,4.1,1001.5,1004.3,97.3,0,0
2019,7,27,2,30,24.1,0.2,171.7,2.4,1001.6,1004.5,97.3,0,0
2019,7,29,12,0,28.9,0,178.3,6.8,1007.5,1010.3,74.9,8.31,10620
2019,7,29,22,0,25.7,0,219.9,3,1006.4,1009.3,96.7,19.42,28200
2019,7,30,8,0,26.4,0,184.3,3.7,1005.2,1008.1,92.5,0.27,0
2019,7,30,13,0,28.3,0,199.4,4.7,1004.8,1007.6,85.1,7.74,8400
2019,7,31,8,30,26.3,1.2,209.9,3.7,1006.6,1009.5,96.8,0.27,0
2019,7,31,12,0,25.8,4.4,203.7,3,1006.8,1009.7,97.3,0.7,0
2019,8,1,18,0,28.4,1.1,244.4,2.6,1008,1010.8,81.5,20.48,25980
2019,8,1,20,30,26.1,1.1,213.5,1.8,1009,1011.9,97.3,20.9,27900
2019,8,2,2,30,25.8,1.1,0,0.1,1010.1,1013,97.3,20.9,27900
2019,8,2,3,30,25.8,1.1,0,0.1,1010.1,1013,97.3,0,0
2019,8,2,11,30,31.4,0,86,2.2,1009.2,1012,60.8,9.64,15120
2019,8,4,0,0,24.9,5.6,82.1,1,1008.5,1011.4,89.7,21.75,37800
2019,8,4,12,30,32.1,0,222.2,2,1008.3,1011.1,62.6,10.08,12720
2019,8,5,9,0,27.8,0,346.2,1.3,1008.4,1011.3,80.9,1.46,2280
2019,8,5,10,30,31.4,0,52.1,1.8,1008,1010.8,69.8,4.64,7620
2019,8,5,21,30,27.2,0,49.8,1.7,1006.3,1009.2,78.3,19.6,30960
2019,8,6,7,0,26.3,0,0,0,1005.6,1008.5,84.9,0.24,1260
2019,8,6,15,0,34,0,78.9,3,1002.5,1005.3,46.8,18.43,30060
2019,8,6,21,0,29,0,70.4,1.2,1002.4,1005.2,69.3,23.48,41220
2019,8,9,8,30,29.1,0,325.9,1,1005.4,1008.2,72.2,1.71,5400
2019,8,10,10,30,32.3,0,78.2,2,1003.1,1005.9,64.1,5.9,12960
2019,8,10,18,30,32.8,0,128.7,1.6,1000.5,1003.3,54.3,23.72,39900
2019,8,10,22,30,28.6,0,89.1,2.8,1002.3,1005.1,65.3,23.82,41160
2019,8,11,1,0,27.5,0,50.6,2.4,1001.8,1004.6,65.7,0,0
2019,8,11,8,0,27.7,0,73.2,3.1,999.6,1002.4,67.4,0.88,2340
2019,8,12,19,30,26.9,63.8,150.6,3.1,997.7,1000.5,97.2,8.66,8760
2019,8,13,0,30,27.1,0,142.2,1.8,998.6,1001.4,92.2,0,0
2019,8,13,3,0,24.1,0.2,0,0,999.3,1002.2,97.2,0,0
2019,8,13,3,30,24,0.2,168.5,1.6,999.4,1002.3,97.2,0,0
2019,8,13,9,0,26.9,1.5,0,0,1000.3,1003.1,90,1.36,1260
2019,8,14,1,30,26.4,1.8,14,1,999.8,1002.6,97.2,0,0
2019,8,14,5,0,25.4,2.3,56.1,1.4,999,1001.9,97.2,0,0
2019,8,14,9,0,29.7,2.3,43.5,2.5,998.6,1001.4,74.3,2.64,7560
2019,8,15,9,30,27.1,NaN,82.2,1.5,991.7,994.5,78.5,1.28,0
2019,8,15,10,30,26.6,NaN,55,2.2,991.4,994.2,80.2,2.19,0
2019,8,16,3,30,23.9,0,209.6,0.9,990.3,993.1,97.2,0,0
2019,8,17,6,0,23.9,0,175.9,1.5,997.9,1000.8,96.5,0,0
2019,8,18,20,30,22.3,0,111.8,1.6,1005.1,1008,85.3,21.9,40560
2019,8,18,21,0,21.7,0,82.9,0.7,1005.6,1008.5,90.8,21.9,40560
2019,8,21,11,0,29.4,0,298.8,1.3,1006.4,1009.2,65.8,6.04,10260
2019,8,21,15,30,29.6,0,353.1,2,1005.1,1007.9,62.7,14.83,19980
2019,8,23,13,0,28,NaN,298.2,2.8,1006.1,1008.9,59.7,9.12,10920
2019,8,24,6,30,20,0,0,0,1007.8,1010.7,97.2,0.01,0
2019,8,24,12,0,25.5,0,205.4,1.8,1008.3,1011.2,72,3.38,0
2019,8,24,17,30,26.2,0,221.9,3.6,1008,1010.9,67.9,9.56,4080
2019,8,25,15,30,28.3,0,316.2,2.7,1009.7,1012.6,49.2,16.04,25500
2019,8,25,20,0,21.7,0,138.8,0.3,1010.6,1013.5,80.1,19.92,37920
2019,8,26,9,0,23.9,0,265.9,1.1,1010.9,1013.8,84.1,2.31,8160
2019,8,26,18,30,26.5,0,293.4,0.9,1007.9,1010.8,62.3,23.33,40320
2019,8,27,2,30,22.3,0.6,32.6,1.1,1006.7,1009.6,97.2,0,0
2019,8,27,8,0,20.2,11.1,62.9,0.9,1005.8,1008.7,97.2,0.08,0
2019,8,27,8,30,21.1,11.3,34.3,1.8,1005.2,1008.1,97.2,0.26,0
2019,8,27,17,0,26.4,11.3,68.7,1.9,1003.1,1006,67,13.3,10860
2019,8,28,1,0,22.1,0,152.2,0.6,1004.5,1007.4,97.2,0,0
2019,8,29,1,30,23.3,0,178.6,1.4,1004.2,1007.1,97.2,0,0
2019,8,29,6,30,21.1,0,295,0.8,1003.1,1006,97.2,0.01,0
2019,8,30,0,0,18.8,4.6,0,0,1005,1007.9,97.2,9.63,11940
2019,8,30,3,0,17.7,0,0,0,1004.8,1007.7,97.2,0,0
2019,8,30,3,30,17.5,0,0,0,1005,1008,97.2,0,0
2019,9,1,6,0,16,0,0,0,1013.9,1016.9,97.2,0,0
2019,9,1,8,0,19.5,0,285.7,0.8,1014.7,1017.6,97.2,0.68,2640
2019,9,2,3,0,18.5,0,85.5,0.6,1014.8,1017.8,97.2,0,0
2019,9,3,5,0,20.7,0,49.2,0.8,1012.7,1015.6,88.1,0,0
2019,9,4,7,30,22.3,0.3,55.3,1.8,1010.1,1013,95.6,0.06,0
2019,9,5,0,30,22.6,NaN,6.1,0.4,1009.1,1012,97.2,0,0
2019,9,5,8,30,24.5,NaN,77.6,0.5,1009.4,1012.3,97.2,0.44,0
2019,9,5,14,30,22.9,44.8,340.3,1.4,1007.8,1010.7,97.3,4.07,2160
2019,9,6,0,30,21.7,0,50.1,0.9,1008.3,1011.2,97.3,0,0
2019,9,6,2,30,21.7,0.1,19.2,0.6,1007.6,1010.5,97.3,0,0
2019,9,7,9,0,25.5,0.3,103.3,5.5,987.3,990.1,86.6,0.46,0
2019,9,8,6,30,22.8,0,237.3,0.6,1005.1,1008,97.2,0.01,0
2019,9,8,15,30,25.8,0,231.5,2.6,1005.1,1008,79.3,7.84,1620
2019,9,10,4,30,23.3,5.4,34.9,1,1007.6,1010.5,97.2,0,0
2019,9,12,11,30,23,0,72.7,2.8,1013.8,1016.7,78.5,1.63,0
2019,9,12,14,0,23.2,0,95.7,1.7,1012.6,1015.5,67.6,4.75,0
2019,9,13,17,30,25,0,330,2,1009.4,1012.3,61.7,20.87,33660
2019,9,13,22,30,20,0,0,0,1010.2,1013.2,93.4,21.2,37260
2019,9,14,4,30,19.9,0,0,0,1009,1011.9,95.9,0,0
2019,9,18,2,0,20.8,0,38.7,1.3,1012.3,1015.2,76.7,0,0
2019,9,21,10,30,21,0,53.7,1.9,1016.1,1019.1,61.5,1.28,0
2019,9,21,13,0,20.1,0.2,98.9,1.6,1015.3,1018.3,74.1,3.09,0
2019,9,22,13,30,17,14,13.9,3.8,1007.5,1010.5,92.2,1.78,0
2019,9,23,5,0,16.7,0,13.6,2.2,1008.6,1011.6,66.3,0,0
2019,9,24,12,0,23.1,0,195.7,0.9,1016.5,1019.4,53.1,7.69,16080
2019,9,24,12,30,24.3,0,315.3,3.3,1016.4,1019.3,50.7,8.99,17460
2019,9,24,21,0,14.7,0,143,0.7,1017.5,1020.5,92.6,18.56,36600
2019,9,25,13,0,24,0,343.6,1.1,1018.6,1021.5,57.7,8.97,19260
2019,9,26,6,30,16.7,0,22.3,0.6,1020.5,1023.5,90.6,0,0
2019,9,26,8,0,18,0,0,0,1021,1024,83.7,0.29,0
2019,9,27,6,0,17.6,0,311.7,0.7,1020.1,1023.1,94.8,0,0
2019,9,28,3,30,20,0,55.7,0.4,1015.9,1018.9,92.2,0,0
2019,9,28,7,30,18.8,0,43.6,1.2,1016.6,1019.6,94.3,0.16,840
2019,9,28,17,30,25,0,331,1.5,1014,1016.9,60.5,16.2,33780
2019,9,28,19,30,20.8,0,103,1.6,1014.6,1017.6,76.8,16.32,35640
2019,9,29,1,30,16.9,NaN,0,0,1015.3,1018.3,97.2,0,0
2019,9,29,9,30,23.2,NaN,12.7,2.4,1015.4,1018.3,63,2.47,9000
2019,9,29,22,0,15.5,NaN,0,0,1014.2,1017.2,92.2,19.48,39720
2019,10,1,0,30,18.7,0,8.9,1.2,1014.9,1017.9,97.2,NaN,NaN
2019,10,1,18,30,22.9,0,207.1,1,1015.3,1018.2,85,NaN,NaN
2019,10,1,22,30,20.7,0,21.3,1.2,1014.5,1017.5,97.4,NaN,NaN
2019,10,1,23,30,21.3,0,59.5,1.1,1014.1,1017,91.8,NaN,NaN
2019,10,3,11,30,26.6,9.6,335.8,4.3,1003.6,1006.5,61.4,6.04,10320
2019,10,4,2,30,19.4,NaN,0,0,1008.7,1011.6,97.4,0,0
2019,10,4,6,30,19.2,NaN,169.7,2.5,1009.1,1012,97.4,0,0
2019,10,4,15,0,26,NaN,244.6,3.5,1009.5,1012.4,63.8,12.36,15600
2019,10,4,23,30,18.8,NaN,226.8,2.6,1011.3,1014.2,94.8,15.02,22620
2019,10,5,0,0,18.8,NaN,225.7,1.8,1011.3,1014.2,92.2,15.02,22620
2019,10,5,1,30,18.8,0,210.5,1.9,1011.5,1014.4,90.3,0,0
2019,10,5,11,30,19.3,0,305,3.7,1013.7,1016.6,69.9,1.84,0
2019,10,6,10,30,20,0,108.9,2.4,1020.4,1023.4,59,4.17,11640
2019,10,6,20,0,17.6,0,104.3,0.7,1018.8,1021.8,90,13.87,25020
2019,10,7,10,30,15.5,18.4,162.9,0.2,1016.6,1019.6,97.4,0.56,0
2019,10,7,22,30,14.8,23.9,0,0,1014.3,1017.3,97.4,3.41,0
2019,10,11,22,0,18.7,0,38.9,1.7,1012.3,1015.3,61.8,15.94,34680
2019,10,12,11,0,21.5,NaN,44.3,3.4,1014,1016.9,44.7,5.24,13500
2019,10,13,9,0,15.5,0,50.8,3.4,1019.7,1022.7,61,1.39,6300
2019,10,14,14,0,18,NaN,310.2,4.2,1022.1,1025.1,52.7,9.14,13560
2019,10,15,8,0,10.5,0,43.6,1.2,1026,1029.1,62.3,0.33,2220
2019,10,15,9,0,12.9,0,54.6,1.6,1026.4,1029.5,51.3,1.4,5280
2019,10,15,19,0,14.2,0,66,1.3,1024.1,1027.1,77.6,17.5,36540
2019,10,17,19,30,13,0,32.8,1.4,1020.7,1023.8,82,11.43,18420
2019,10,17,22,30,10.3,0,0,0,1021.4,1024.5,91.6,11.43,18420
2019,10,21,3,30,12.6,0,36.2,0.8,1016.8,1019.8,97.4,0,0
2019,10,22,1,30,11.9,0,243.3,0.5,1014.7,1017.8,97.4,0,0
2019,11,3,0,30,10.8,0,0,0,1016.4,1019.5,97.4,0,0
2019,11,3,3,30,9.4,0,41.9,0.5,1015.7,1018.8,97.4,0,0
2019,11,4,1,30,11.3,0,56.4,1.9,1018.6,1021.7,76.2,0,0
2019,11,4,2,0,11.1,0,56.3,1.5,1018.6,1021.7,76.7,0,0
2019,11,4,8,30,12,0,58.2,1.1,1020,1023.1,74.7,0.45,3120
2019,11,4,21,0,9.5,0,84.8,0.2,1018.6,1021.7,88.9,13.49,34800
2019,11,5,1,30,6.9,0,0,0,1018.3,1021.4,97.1,0,0
2019,11,5,22,0,6.6,0,0,0,1016.2,1019.3,92.2,11.68,31200
2019,11,6,6,0,3.8,0,0,0.1,1015.9,1019.1,97.4,0,0
2019,11,6,11,30,15.5,0,157.9,0.8,1014.9,1017.9,48.2,4.92,13800
2019,11,6,16,30,15.1,0,233.2,2.2,1012.8,1015.8,49.3,12.96,31380
2019,11,7,12,0,14,0,292.2,6,1015.9,1018.9,44.3,5.76,13980
2019,11,7,19,30,7.1,0,280,0.6,1016.9,1020,54,13.51,33120
2019,11,8,4,0,-0.2,0,0,0,1018.4,1021.6,90.2,0,0
2019,11,8,6,30,-0.7,0,74.7,0.5,1018.9,1022.1,89.7,0,0
2019,11,8,7,30,-0.5,0,0,0,1019.4,1022.6,88.8,0.01,0
2019,11,8,12,30,12.8,0,308.5,3.5,1018.9,1022,29.4,7.72,17340
2019,11,8,15,30,12.3,0,314.3,4.4,1018.4,1021.5,32.5,13.4,28140
2019,11,9,3,0,1.3,0,37.3,0.8,1019.7,1022.9,88.8,0,0
2019,11,9,20,30,6,0,0,0,1018.1,1021.2,73.3,13.47,33360
2019,11,11,10,30,13.6,5.4,278.3,3.4,1007.8,1010.8,76.7,0.74,1140
2019,11,11,22,0,8.2,5.4,80.7,1.4,1014.6,1017.7,89.5,8.26,17040
2019,11,14,5,0,2.9,0,331.3,3.5,1022.3,1025.5,46.9,0,0
2019,11,14,23,30,-0.9,0,83.9,0.7,1019.8,1023,79.1,12.95,31500
2019,11,15,17,0,15.3,0.5,213.7,4.5,1013.4,1016.4,68.1,7.71,18420
2019,11,16,4,0,7.5,0,31.1,1.2,1014.8,1017.9,97.4,0,0
2019,11,17,23,0,14.2,56.3,238,0.9,1008.7,1011.7,97.3,0.86,0
2019,11,17,23,30,14.4,56.3,226.6,2.5,1008.8,1011.8,97.3,0.86,0
2019,11,18,0,0,14.1,56.4,272.4,5.9,1009.3,1012.3,97.3,0.86,0
2019,11,18,0,30,13.8,0.1,264.9,4.3,1009.3,1012.3,90.3,0,0
2019,11,18,1,0,13.5,0.3,271.7,5.1,1009.7,1012.7,90.1,0,0
2019,11,18,1,30,13.1,1.3,287.9,6.5,1010.2,1013.2,89.4,0,0
2019,11,18,2,0,12.8,2.6,280,7.9,1010.9,1013.9,89.9,0,0
2019,11,18,3,30,11,7.5,283.7,5.8,1011.7,1014.8,88.2,0,0
2019,11,18,23,0,3.6,9,304.8,0.9,1019.8,1023,86.3,4.35,4860
2019,11,18,23,30,3.2,9.2,48.2,1.6,1019.7,1022.9,91.6,4.35,4860
2019,11,19,0,0,2.7,9.7,102.8,2.2,1019.5,1022.7,94.4,4.35,4860
2019,11,19,0,30,3.5,0,341.2,3.1,1019.6,1022.8,89.1,0,0
2019,11,19,1,0,3.7,0.2,338.2,2.4,1019.4,1022.6,88,0,0
2019,11,19,1,30,3.5,0.2,313.1,2.3,1019.7,1022.9,89.1,0,0
2019,11,19,2,0,3.5,0.3,354.3,3.4,1019.7,1022.9,86.5,0,0
2019,11,19,9,0,1.7,2.2,55.6,1.9,1022.8,1026,65.2,0.54,2160
2019,11,19,20,0,2,3.9,227.6,0.8,1024.7,1027.9,85,4.67,9660
2019,11,20,2,0,0.8,0,50.3,1.3,1027.3,1030.5,74.3,0,0
2019,11,20,4,0,-0.5,0,51,1.4,1027.6,1030.8,72.2,0,0
2019,11,20,14,30,6.5,0,15.2,2.4,1028.2,1031.4,46,10.26,24180
2019,11,23,18,0,11.9,0,21.8,0.1,1019.2,1022.3,79.3,8.09,25320
2019,11,24,14,0,14.7,1.4,265.8,1.4,1014.4,1017.4,89.5,5.47,14220
2019,11,24,14,30,14.2,2.7,235.5,1.3,1014.5,1017.5,96.2,5.51,14220
2019,11,24,15,0,13.8,3.7,218.5,1.6,1014.3,1017.3,97.6,5.55,14220
2019,11,24,15,30,13.8,4,218.3,2.5,1014.3,1017.3,97.6,5.59,14220
2019,11,24,16,0,13.6,6.6,230.2,0.9,1014.4,1017.4,97.6,5.62,14220
2019,11,24,16,30,11.9,7,326.4,7,1015.5,1018.6,97.6,5.62,14220
2019,11,25,0,30,5.5,0,334.2,3.5,1024.2,1027.4,70.9,0,0
2019,11,25,14,0,3.8,0,4.9,2,1027,1030.2,62.9,5.36,9000
2019,11,25,14,30,4,0,328.3,1.9,1027,1030.2,63.3,5.85,9300
2019,11,25,15,0,4,0,23,2.4,1026.9,1030.1,65.3,6.22,9420
2019,11,25,15,30,3.9,0,350.6,2.8,1026.9,1030.1,66.8,6.52,9420
2019,11,25,16,0,3.7,0,351.7,1.3,1027.3,1030.5,67.5,6.74,9420
2019,11,25,16,30,3.4,0,9.3,2.1,1027.3,1030.5,67.6,6.87,9420
2019,11,26,15,0,13.5,0,296.4,1.8,1024.4,1027.5,50.9,10.06,23100
2019,11,26,17,30,9.1,0,347.3,1.9,1025,1028.1,72.5,11.26,28260
2019,11,26,19,0,8.9,0,356.6,1.7,1025.6,1028.7,76,11.26,28260
2019,11,27,3,0,6.6,0,25.4,0.8,1025.9,1029.1,64.3,0,0
2019,11,28,8,30,1.9,0,28.8,1.6,1027.6,1030.8,70.5,0.18,1860
2019,11,28,12,30,9,0,348.4,1.2,1026.7,1029.8,53.9,5.92,16260
2019,11,28,18,0,5.3,0,343.1,1.2,1026.9,1030.1,72.8,11.43,32400
2019,11,29,1,30,-1.2,0,346.1,0.7,1028,1031.3,80.1,0,0
2019,11,29,19,30,0.2,0,46.3,0.1,1028.8,1032,64.8,12.22,32520
2019,11,29,20,0,-0.4,0,44.1,0.1,1028.9,1032.1,71.6,12.22,32520
2019,11,30,21,30,5.2,0,128.6,0.7,1023.8,1027,75.5,9.46,22500
2019,12,1,11,0,6.6,0.2,21.8,0.2,1020.2,1023.3,93.1,0.78,0
2019,12,2,14,30,4.5,0,307.3,5.3,1019.7,1022.9,50.7,7.48,18000
2019,12,4,0,0,1.5,11.7,0,0,1022.9,1026.1,97.6,2.91,4740
2019,12,5,2,0,1.8,0,14.4,2.8,1029.7,1032.9,57.1,0,0
2019,12,5,3,30,0.6,0,8.6,3.8,1030.4,1033.6,42.5,0,0
2019,12,6,11,0,-2.4,0,135.7,0.3,1035.6,1038.9,45,2.99,10680
2019,12,8,0,30,-2,0,0,0,1026.9,1030.2,97.6,0,0
2019,12,8,6,0,-4.3,0,28.2,1,1026.2,1029.5,97.6,0,0
2019,12,9,7,30,-0.2,0,93.3,0.1,1021.3,1024.5,91.3,0,0
2019,12,9,9,0,0.6,0,86.1,0.3,1021.2,1024.4,92.3,0.05,0
2019,12,10,7,0,7.2,0.4,139.1,0.6,1017.3,1020.4,97.6,0,0
2019,12,10,8,0,6.3,0.4,0,0,1017.7,1020.8,97.6,0,0
2019,12,10,9,30,7.5,0.4,0,0.1,1018,1021.1,97.6,0.4,0
2019,12,10,11,0,10.6,0.4,293.9,0.7,1017.8,1020.9,87.9,1.64,2700
2019,12,10,12,30,11.5,0.4,205.9,2.2,1016.7,1019.8,73.8,3.05,5400
2019,12,10,13,0,12.5,0.4,188.5,2.5,1016.3,1019.3,72.9,3.74,6900
2019,12,10,13,30,12.7,0.4,231.3,4,1015.8,1018.8,73.9,4.42,8700
2019,12,10,16,0,11.6,0.4,185.1,3.1,1015.3,1018.4,81.5,6.5,15660
2019,12,11,4,30,7.8,0,233.3,1.2,1012.8,1015.9,97.6,0,0
2019,12,11,5,30,9.7,0,189.7,2.4,1012.3,1015.4,97.6,0,0
2019,12,11,6,30,9.8,0,169.9,2.8,1012.2,1015.3,97.6,0,0
2019,12,11,7,0,10.2,0,226.4,2.7,1012.5,1015.6,97.6,0,0
2019,12,11,11,0,8.9,0,296.9,5.2,1014.5,1017.6,68.7,0.39,0
2019,12,11,11,30,9.3,0,301.9,6.6,1014.4,1017.5,63.9,0.71,540
2019,12,11,12,0,10.6,0,252,3.8,1014.2,1017.3,57.2,1.36,2340
2019,12,11,16,0,7.6,0,286.3,7.1,1015.9,1019,49.1,5.69,15180
2019,12,12,4,0,1.5,0,337.3,2.5,1022.9,1026.1,58.5,0,0
2019,12,12,4,30,1.2,0,326.6,3.5,1023.1,1026.3,57,0,0
2019,12,12,5,0,0.8,0,326.6,3.7,1023.2,1026.4,57,0,0
2019,12,12,6,0,-0.2,0,42.9,1,1023.8,1027,63.5,0,0
2019,12,12,7,0,-1.1,0,29.2,0.6,1024.7,1027.9,67,0,0
2019,12,12,8,0,-1.6,0,80.9,0.8,1025.6,1028.9,71,0.01,0
2019,12,12,8,30,-1.5,0,80.3,0.9,1025.9,1029.2,75.3,0.11,1380
2019,12,12,9,30,2.1,0,357.9,1,1026.6,1029.8,53.7,0.76,4980
2019,12,12,11,30,4,0,327.5,4.3,1027.5,1030.7,46.8,2.99,11340
2019,12,13,3,0,-4.4,0,117.4,0.3,1027.2,1030.5,81.5,0,0
2019,12,13,16,30,6.3,0,197.7,1.4,1022.5,1025.6,32.1,8.18,28740
2019,12,14,7,30,2.8,1.1,6.9,2.6,1024.5,1027.7,68.7,0,0
2019,12,14,8,0,2.6,1.1,348.4,2.3,1025.1,1028.3,69.5,0.01,0
2019,12,14,20,30,1.1,1.1,60.8,1.5,1026.7,1029.9,68.1,10.75,30900
2019,12,14,21,0,0.7,1.1,105.5,0.6,1027.3,1030.5,73.5,10.75,30900
2019,12,15,17,30,7.8,0,63.4,0.9,1024.7,1027.8,58.5,9.01,25680
2019,12,16,0,0,1.9,0,0,0,1023.6,1026.8,85.7,9.01,25680
2019,12,16,4,30,2.1,0,71.2,0.7,1022.7,1025.9,92.6,0,0
2019,12,16,17,0,12.6,0,274.9,0.7,1016.7,1019.7,61.1,7.8,20400
2019,12,17,9,30,10.4,6.6,271.6,2.9,1012.2,1015.3,97.6,0.07,0
2019,12,17,10,0,10.3,6.7,269.2,1.9,1012.4,1015.5,97.6,0.11,0
2019,12,17,10,30,10.1,6.7,308.8,2.5,1012.6,1015.7,97.6,0.14,0
2019,12,17,11,0,9.9,6.7,307.2,1.6,1012.5,1015.6,97.6,0.19,0
2019,12,17,11,30,10,6.7,294.6,1.2,1012.3,1015.4,94.3,0.29,0
2019,12,17,12,0,9.9,6.7,291.5,4.1,1011.8,1014.9,93.6,0.41,0
2019,12,17,12,30,9.8,6.7,291.9,3.9,1011.8,1014.9,92.8,0.49,0
2019,12,17,13,0,9.4,6.7,304.5,2.1,1011.7,1014.8,93.5,0.58,0
2019,12,18,9,30,2.6,0,333.5,3.6,1022.6,1025.8,64.8,0.68,4140
2019,12,18,10,0,2.2,0,331,1.5,1022.9,1026.1,63.9,1.04,5400
2019,12,18,10,30,3.4,0,334.3,2.3,1023.3,1026.5,58.5,1.71,7200
2019,12,18,11,0,3.4,0,359.2,2.7,1022.9,1026.1,62,2.43,8820
2019,12,18,11,30,3.9,0,357.3,2.8,1022.7,1025.9,54.7,3.07,9960
2019,12,18,12,0,3.6,0,344.7,2.6,1022,1025.2,60.7,3.82,11520
2019,12,18,12,30,4,0,338.1,2.3,1021.7,1024.9,58.5,4.44,12180
2019,12,18,13,0,4.5,0,350.1,2.4,1021.4,1024.6,55.7,5.4,13920
2019,12,19,9,30,0.7,0,48.4,1.9,1024.1,1027.3,56.2,0.68,4800
2019,12,20,4,0,-0.3,0.8,331.5,1.2,1024.9,1028.1,97.6,0,0
2019,12,20,8,30,-0.6,0.8,19.2,1.3,1026.8,1030,81.1,0.05,660
2019,12,20,14,30,2.9,0.8,354,2.8,1026.4,1029.6,53.5,6.1,16800
2019,12,21,7,0,-5.2,0,46.5,1.4,1025.6,1028.9,87.4,0,0
2019,12,22,11,0,7.5,0,70.9,1,1019.2,1022.3,68.2,1.04,420
2019,12,23,5,30,3.5,2.2,323.9,0.4,1016.3,1019.5,97.6,0,0
2019,12,23,8,30,4.4,2.2,322.2,3.3,1018,1021.1,78.6,0.05,0
2019,12,23,15,30,5.1,2.2,318.4,2.8,1019.9,1023.1,64.9,3.85,7800
2019,12,23,16,0,4.9,2.2,300.2,3.7,1020.5,1023.7,67.6,3.95,7800
2019,12,24,22,30,0.3,0,75.4,0.7,1023.6,1026.8,81.6,9.92,30780
2019,12,25,2,30,-3.8,0,0,0,1022.4,1025.7,91.6,0,0
2019,12,25,3,30,-3.6,0,29.6,0.3,1021.9,1025.2,90.9,0,0
2019,12,25,5,30,-2.4,0,57,1.6,1021.7,1024.9,85.9,0,0
2019,12,25,7,0,-2.3,0,159.6,0.2,1022.3,1025.5,89.6,0,0
2019,12,25,17,0,5.7,0,20.5,1.4,1019.6,1022.7,55.1,6.62,10140
2019,12,26,2,0,3.6,0,54.4,1.3,1016.4,1019.6,68.6,0,0
2019,12,26,3,0,4.9,0,6,1.6,1016,1019.1,62.4,0,0
2019,12,26,8,0,3,0.3,0,0.1,1015,1018.2,93,0,0
2019,12,26,22,30,1.7,2.5,308,3.5,1016.9,1020.1,58.8,2.38,1500
2019,12,27,9,0,-2,0,222.5,0.6,1021.9,1025.1,77.8,0.36,2700
2019,12,27,16,0,3.2,0,302.9,3.7,1022.6,1025.8,40.7,10.74,27900
2019,12,28,1,30,-3.5,0,160.9,0.2,1024.8,1028.1,79.9,0,0
2019,12,28,5,0,-4.8,0,51.8,0.2,1024.9,1028.2,86,0,0
2019,12,28,6,30,-4.7,0,103.9,0.1,1024.9,1028.2,86.4,0,0
2019,12,29,21,0,4.8,5.1,69.3,1.8,1019.4,1022.5,92.4,2.67,0
2019,12,30,12,0,8.1,0.2,272.1,1,1019.9,1023,88.2,1.66,0
2019,12,30,12,30,8.4,0.2,306.8,2.4,1019.8,1022.9,81.9,1.87,0
2019,12,30,13,0,7.9,0.2,295.7,3.3,1019.6,1022.7,88,1.95,0
2019,12,30,13,30,7.7,0.2,302.2,3,1019.6,1022.7,92.6,2.05,0
2019,12,30,14,0,7.5,0.3,306.1,3.9,1019.7,1022.8,89.9,2.16,0
2019,12,30,14,30,7.2,0.4,319.8,6.5,1019.9,1023,90.4,2.23,0
2019,12,30,15,30,5.8,0.4,333.1,3.3,1020.9,1024,76.7,2.51,0
2019,12,30,16,0,5.1,0.4,298.7,6.5,1021.3,1024.5,63.7,2.64,240
2019,12,31,12,0,-4,0.1,316.5,3.8,1033.3,1036.6,53,4.14,11040
2019,12,31,12,30,-3.8,0.1,335.9,2.6,1033.2,1036.5,50.9,5.11,12840
2019,12,31,13,0,-3.5,0.1,343.3,4.9,1033,1036.3,48.8,6.09,14640
2019,12,31,13,30,-3.4,0.1,322.7,3.9,1032.9,1036.2,50.4,7.06,16440
2019,12,31,14,0,-3.3,0.1,333.8,4.4,1032.6,1035.9,47.9,7.98,18240
2019,12,31,14,30,-3.1,0.1,354.9,3.4,1032.5,1035.8,50.1,8.81,20040
2020,1,1,0,30,-6.2,0,0,0,1030.3,1033.6,83,0,0
2020,1,1,4,30,-4,0.2,71.1,0.6,1029.4,1032.7,87.9,0.01,0
2020,1,1,12,0,4,0.2,272.8,1.8,1028.9,1032.1,50.3,3.46,8100
2020,1,2,2,0,-2.6,0,0,0,1027.2,1030.5,97.3,0,0
2020,1,2,4,0,-1.5,0,0,0,1027.1,1030.4,96.3,0,0
2020,1,2,6,30,-0.8,0,182.7,0.2,1027.2,1030.4,88.4,0,0
2020,1,2,21,30,0.5,0,203.1,0.5,1026.6,1029.8,90,2.84,1920
2020,1,3,1,0,0.9,0,46.5,0.6,1025.7,1028.9,85.6,0,0
2020,1,3,4,30,-0.4,0,30.4,1,1024.9,1028.1,94.3,0,0
2020,1,5,0,0,-3.6,0,76.2,0.9,1025.5,1028.8,87.9,8.13,23940
2020,1,5,15,0,7.2,0,4.2,2.3,1026.8,1029.9,28.3,9.22,24240
2020,1,6,3,30,2.2,0,38.6,0.2,1025.6,1028.8,54.8,0,0
2020,1,6,22,30,4.6,NaN,70.9,2.6,1017,1020.1,97.5,1.64,0
2020,1,7,6,0,6.1,16.9,48.3,1.6,1012,1015.1,97.5,0,0
2020,1,7,9,0,6.5,22.5,49.5,2.5,1011.8,1014.9,97.5,0,0
2020,1,7,12,0,7.6,27.4,26.2,1.2,1009.3,1012.4,97.5,0.28,0
2020,1,7,13,30,7.9,28.9,47.7,1.5,1006.9,1010,97.5,0.46,0
2020,1,7,20,30,12.6,40.8,183.5,5.3,998.1,1001.1,97.5,0.64,0
2020,1,7,21,0,11.9,41.3,186.9,4.4,997.7,1000.7,97.5,0.64,0
2020,1,7,23,0,10,42.5,188,5.3,996.7,999.7,97.5,0.64,0
2020,1,7,23,30,9.7,42.5,214.3,7.2,997.1,1000.1,97.5,0.64,0
2020,1,8,3,0,5,0.3,251.9,8,1002,1005.1,90.9,0,0
2020,1,8,4,0,4.1,0.4,254.3,5.4,1003,1006.1,94.1,0,0
2020,1,8,5,30,4.3,1.2,303.4,6.8,1005,1008.1,90.9,0,0
2020,1,8,6,0,4.1,1.2,274.1,4.9,1005.5,1008.6,90.6,0,0
2020,1,8,9,30,3.8,1.2,299.7,6,1011.5,1014.6,90,0.04,0
2020,1,8,11,0,3.8,1.3,306.2,4.7,1013.4,1016.5,87.7,0.18,0
2020,1,8,13,0,3.6,1.3,329.4,3,1014.6,1017.8,86.9,0.52,0
2020,1,8,19,0,2.7,1.3,291.9,4.7,1018.6,1021.8,81.6,0.89,0
2020,1,9,0,0,2.5,1.3,301.6,4.5,1020.6,1023.8,66.8,0.89,0
2020,1,9,0,30,2.3,0,310.8,4,1020.6,1023.8,66.7,0,0
2020,1,9,1,0,2,0,333.8,2.4,1020.6,1023.8,66.5,0,0
2020,1,9,2,0,1.7,0,321.4,1.5,1020.9,1024.1,68.7,0,0
2020,1,9,2,30,1.5,0,313.3,1.2,1020.9,1024.1,70.1,0,0
2020,1,9,13,0,3.1,0,335.8,2.5,1020.9,1024.1,57,4.9,12900
2020,1,10,4,0,-3.4,0,47.2,0.6,1022,1025.3,94.9,0,0
2020,1,10,11,30,1.9,0,238.1,0.6,1021.7,1024.9,67.2,2.76,9000
2020,1,10,17,0,3.5,0,300.1,2.6,1020.3,1023.5,59.4,9.67,28680
2020,1,10,21,0,-1.7,0,0,0,1019.7,1022.9,87.7,9.71,29280
2020,1,11,4,0,-1.9,0,0,0.1,1018.4,1021.6,97,0,0
2020,1,13,17,0,0.2,0,332,3.6,1021.1,1024.3,49.5,8.67,21660
2020,1,13,19,0,-1.4,0,33.8,0.3,1022.1,1025.3,60.8,8.72,22680
2020,1,13,23,30,-2.7,0,178.2,0.4,1022.4,1025.7,74.4,8.72,22680
2020,1,14,3,0,-3.6,0,10.5,0.5,1022,1025.3,86.3,0,0
2020,1,15,6,0,-4.6,0,28.2,0.4,1025.6,1028.9,87.3,0,0
2020,1,17,5,0,-2.9,0,114.4,0.7,1021.5,1024.8,68.9,0,0
2020,1,17,7,0,-4.8,0,8.5,0.9,1021.4,1024.7,82.5,0,0
2020,2,9,15,30,4.6,0,261,3,1021.3,1024.5,42.1,13.41,26340
2020,2,10,11,30,8,0,352.9,0.8,1021.4,1024.5,49,4.19,11220
2020,2,10,12,30,9.7,0,18.9,1.5,1021.1,1024.2,34.6,6.34,14820
2020,2,12,15,30,7.2,6.8,40.1,1.5,1009.7,1012.8,97.5,1.21,0
2020,2,12,16,0,7.4,6.9,70.7,2.3,1009.6,1012.7,97.5,1.26,0
2020,2,12,18,30,7.2,7.9,0,0,1009.9,1013,97.5,1.37,0
2020,2,12,20,30,7.6,8.2,211.9,1.7,1011.1,1014.2,97.5,1.37,0
2020,2,12,21,30,7.1,8.6,320.4,0.9,1011.8,1014.9,97.5,1.37,0
2020,2,12,22,0,7,8.6,325.9,0.8,1011.9,1015,97.5,1.37,0
2020,2,12,22,30,7.1,8.6,58.5,0.6,1012.1,1015.2,97.5,1.37,0
2020,2,12,23,30,6.9,8.7,210.6,0.7,1012.5,1015.6,97.5,1.37,0
2020,2,13,5,30,4.5,0,192.8,1.6,1015.1,1018.2,97.5,0,0
2020,2,13,15,0,9.4,0,225.6,1,1016.6,1019.7,67.3,6.55,4860
2020,2,13,16,0,9.5,0,192,1.9,1016.8,1019.9,68.8,7.5,5640
2020,2,13,16,30,9.3,0,205.6,1.4,1016.4,1019.5,69.8,7.86,6300
2020,2,13,18,30,7.1,0,17.2,0.9,1016.9,1020,87.2,8.39,9300
2020,2,13,19,30,6.7,0,2.7,1.5,1017.6,1020.7,88.5,8.39,9300
2020,2,13,20,30,6.4,0,54.7,0.6,1017.7,1020.8,88.5,8.39,9300
2020,2,13,21,0,6.1,0,16.4,1.1,1018,1021.1,90.5,8.39,9300
2020,2,13,23,30,4.2,0,0,0,1018.1,1021.3,96.9,8.39,9300
2020,2,14,0,0,4.3,0,12.5,1.3,1018.3,1021.5,97.3,8.39,9300
2020,2,14,1,0,4.4,0,28.3,1.4,1018.3,1021.5,96.7,0,0
2020,2,16,1,0,3,2.1,273.3,2.6,1011.6,1014.7,95.8,0,0
2020,2,16,20,30,-2.3,7,276,5.5,1013.7,1016.9,77.5,4.46,3660
2020,2,17,16,30,-4.3,0.2,309.7,3.8,1015.5,1018.8,76.4,8.97,11760
2020,2,17,23,0,-4.1,0.2,287.9,2.4,1020.6,1023.9,61.9,9.45,12000
2020,2,18,1,0,-3.9,0,303.1,2.6,1020.9,1024.2,57.9,0,0
2020,2,18,16,30,3.1,NaN,314,1.9,1025,1028.2,40.2,16.45,31200
2020,2,18,22,0,-3.9,NaN,0,0,1027,1030.3,82.4,17.29,36900
2020,2,19,0,0,-4.6,NaN,0,0,1026.7,1030,87,17.29,36900
2020,2,19,9,0,-1,0,65.5,0.2,1027.2,1030.4,74.5,0.6,4140
2020,2,19,12,30,6.5,0,172,1.5,1027,1030.2,49.8,6.64,16440
2020,2,20,9,30,3,0,0,0,1031,1034.2,97.3,0.96,4920
2020,2,22,0,30,7.1,1.1,233.7,2.3,1020.1,1023.2,97.3,0,0
2020,2,22,1,30,7.7,2.1,271,3.8,1019.8,1022.9,97.3,0,0
2020,2,22,2,0,7.4,2.1,278.7,6.2,1020.2,1023.3,89.6,0,0
2020,2,22,16,0,7.2,2.1,297.6,6.9,1023,1026.1,44.3,13.74,24900
2020,2,22,17,30,4.8,2.1,276,8.4,1024.1,1027.3,48.3,14.75,29820
2020,2,22,18,0,4,2.1,299.8,8.9,1024.5,1027.7,43.1,14.88,31560
2020,2,22,21,0,2.6,2.1,274.7,2.2,1027,1030.2,55.9,14.89,31560
2020,2,23,0,30,2,0,343.9,2.4,1027.7,1030.9,57,0,0
2020,2,23,1,30,0.7,0,235.7,0.1,1027.9,1031.1,66.8,0,0
2020,2,23,2,0,-0.5,0,0,0,1028,1031.2,73,0,0
2020,2,25,18,0,7.6,40.8,30.7,3,1012.4,1015.5,86.6,1.91,0
2020,2,25,18,30,7.5,40.8,44.6,3.3,1012.6,1015.7,84.6,1.92,0
2020,2,25,22,0,7.8,40.8,40.5,2,1015.7,1018.8,72.3,1.92,0
2020,2,27,10,0,6.6,0,34.6,1.3,1026.5,1029.7,67.7,2.2,8220
2020,2,27,21,30,3.4,0,92.2,0.1,1025.2,1028.4,81.3,17.77,37080
2020,2,28,6,0,2.9,0,0,0,1021.3,1024.5,91.6,0,0
2020,2,28,22,0,5.6,7.3,351.8,0.6,1016.4,1019.5,95.2,3.95,2400
2020,2,29,5,0,5.3,0,3.4,0.9,1015.2,1018.3,97.3,0,0
2020,2,29,8,0,5.4,0,23.6,1.3,1015.3,1018.4,97.1,0.05,0
2020,3,1,3,0,1.2,0,106.6,1.4,1016.1,1019.3,97.3,0,0
2020,3,1,19,0,4.6,0,265.5,2.2,1016,1019.1,76.8,6.25,1500
2020,3,3,5,30,-0.1,0,0,0,1022.4,1025.6,89.5,0,0
2020,3,3,17,30,7.7,0,247.6,2.9,1019.7,1022.8,60.3,12.32,20820
2020,3,4,10,0,5.4,0,276.1,5.8,1021.6,1024.8,48.2,2.27,6960
2020,3,5,5,0,-0.5,0,315.1,2.9,1022.7,1025.9,64.1,0,0
2020,3,5,14,0,6.1,0,308.9,4.9,1023.2,1026.4,33.8,13.47,23280
2020,3,5,20,0,-0.7,0,143.4,0.4,1022,1025.2,63.3,20.15,38340
2020,3,7,4,0,-1,0,0,0,1015.6,1018.8,81.8,0,0
2020,3,8,10,0,9.7,0,50.6,0.7,1017.5,1020.6,49.1,2.65,8700
2020,3,9,4,0,1.3,0,0,0.1,1014.1,1017.3,81.1,0,0
2020,3,9,15,0,15.2,0,354.4,3.1,1008.7,1011.7,29.9,11.58,19980
2020,3,9,20,30,7.3,0.7,356.4,2.2,1009.4,1012.5,72,12.55,19980
2020,3,10,22,30,4.6,5.9,295.7,5.1,1009.8,1012.9,50,4.26,4020
2020,3,10,23,0,4.3,5.9,291,4.9,1010,1013.1,50.9,4.26,4020
2020,3,11,0,30,3.9,0,298.4,3.5,1010.8,1013.9,54,0,0
2020,3,11,4,30,2.1,0,308.3,3,1012.6,1015.8,47.9,0,0
2020,3,11,12,0,6.8,0,293.9,4.2,1017,1020.1,34.7,8.39,16800
2020,3,11,15,0,8.7,0,278.2,6.4,1016.5,1019.6,34.9,17.02,27600
2020,3,11,18,0,6.5,0,267.7,2.2,1017.7,1020.8,37,21.22,38400
2020,3,11,23,30,-1.1,0,0,0,1019.8,1023,82.4,21.28,39540
2020,3,12,5,30,-1.2,0,0,0.1,1019.7,1022.9,89.2,0,0
2020,3,13,0,0,2.6,0,296.2,0.4,1018.9,1022.1,91.3,19.82,38280
2020,3,13,10,0,6.1,0,334.4,2.6,1022.2,1025.3,32.9,1.97,2880
2020,3,13,13,0,8.3,0,20.5,3.1,1020.5,1023.6,24.1,9.09,13020
2020,3,14,15,30,9.4,0,212.9,5.1,1011.3,1014.4,44.7,17.82,29700
2020,3,15,3,0,2.5,0,188.4,1.9,1009.8,1013,82.4,0,0
2020,3,17,15,0,12.7,0,234.1,3.5,1010.8,1013.8,59,5.95,5820
2020,3,17,20,0,6.2,0,199.7,1.8,1013.2,1016.3,88.5,9.68,17700
2020,3,18,18,30,11.9,0,211.3,2,1008,1011,33.9,20.14,30660
2020,3,19,1,30,10.1,0,206.2,6.8,1005.4,1008.5,88.7,0,0
2020,3,19,13,0,10.8,0,285.4,6.2,1005.8,1008.8,37.2,7.81,11220
2020,3,20,16,30,12.6,0,210.8,5.7,1010.7,1013.7,28,20.17,33600
2020,3,21,1,0,7.6,0,195.7,2,1010.5,1013.6,75.3,0,0
2020,3,21,3,0,8,0,202.5,3.1,1009.9,1013,69.4,0,0
2020,3,21,9,30,12.5,0,191.3,5.3,1010.7,1013.7,65.4,1.22,540
2020,3,23,2,30,1.9,0,0,0,1015.8,1019,68.9,0,0
2020,3,23,22,30,5.2,0,159.1,1.1,1016.2,1019.3,73.8,21.73,40860
2020,3,24,6,30,0.5,0,51.3,0.2,1017.4,1020.6,94.9,0,0
2020,3,24,7,30,2.2,0,135.6,0.2,1018.2,1021.4,96.8,0.16,1440
2020,3,25,15,0,20,0,209.6,3.4,1016,1019,26.2,17.53,28560
2020,3,25,15,30,19.9,0,254.7,3.6,1015.8,1018.7,28.4,18.66,30360
2020,3,27,0,0,13.2,2.4,27.5,1.7,1008.7,1011.7,97,5.97,360
2020,3,27,0,30,13.2,2.4,33.2,0.7,1008.5,1011.5,97,0,0
2020,3,27,1,0,13.1,4,0,0,1008.2,1011.2,97,0,0
2020,3,27,1,30,13.1,5,13.9,0.7,1008,1011,97,0,0
2020,3,27,2,0,13,5.7,4.1,1.3,1007.8,1010.8,97,0,0
2020,3,27,2,30,13,6.4,20.4,1.5,1007.5,1010.5,97,0,0
2020,3,27,3,0,12.9,9.5,349.4,1.4,1007.4,1010.4,97,0,0
2020,3,28,0,0,6.7,11.2,318.9,2.8,1018.4,1021.5,44.5,17.91,25920
2020,3,28,0,30,7,0,337.9,2.8,1018.3,1021.4,39.2,0,0
2020,3,28,1,0,7.1,0,330.9,4.2,1018.3,1021.4,38.2,0,0
2020,3,28,1,30,7.2,0,334.1,5.8,1018.3,1021.4,39.1,0,0
2020,3,28,2,0,7.2,0,351.1,3.7,1018.6,1021.7,36,0,0
2020,3,28,2,30,7.1,0,356.2,3.9,1018.6,1021.7,31.6,0,0
2020,3,28,3,0,6.8,0,346.6,4.9,1019.1,1022.2,32.4,0,0
2020,3,28,15,0,10.3,0,7.1,2.6,1017.5,1020.6,21,13.53,14700
2020,3,28,19,0,6.2,0,294,1.8,1018.3,1021.4,48.4,17.71,27060
2020,3,29,8,30,5.4,0,36.3,1.9,1019.9,1023.1,55.8,1.42,5460
2020,3,29,15,0,14.4,0,317.4,4.1,1017.1,1020.1,32.2,18.76,28860
2020,3,29,15,30,13.9,0,324.4,2.8,1017.6,1020.6,32.1,19.79,30660
2020,3,29,18,0,10.6,0,337,1.9,1017.4,1020.5,34.5,22.11,36480
2020,3,30,14,30,16.2,0,236.5,3.4,1016.7,1019.7,25,18.04,27180
