TempIn,HumIn,TempCoil,TempFac,HumFac
13.7472138819369,44.716174345296,13.4608272393933,12.6950148627392,38.0865531550365
11.3233939878244,49.0058333149732,13.2231892989627,4.94874767302378,74.1868294339677
13.3372688882581,53.5016450147029,13.5587745438246,13.4683257478728,56.7570241757227
16.7324900583758,33.0052907020991,14.9165665064226,12.8896118020668,37.3663600391871
17.3800619367107,35.4653869022395,15.5149665455068,13.5437062201884,36.188002805144
15.0980949777737,45.2467782086096,13.7181128258424,10.1931809883483,64.6631518800701
14.0387183890914,49.7299986160302,13.0643362017816,8.6898217581888,64.1564199249241
14.6845040640866,58.9772509120431,14.6044057247498,10.364216821572,72.5392868673842
14.1342506017528,61.6025851752515,13.7406644468922,10.8169631760844,75.4849181006067
11.5006931161754,35.3288950004844,12.9013326455868,4.65353668509014,59.1655275439958
16.4299719936958,31.2967934914553,15.6233616486375,12.3074690831284,33.8949331012355
16.4658124075249,32.6873856522382,15.521966814112,11.4265674724971,38.7841454116023
15.6575670307517,37.9730589961875,15.0619405752943,10.7659361860679,42.6460745051377
16.3129222720618,28.8888851120706,14.48091385882,12.3367475784484,30.3286731737324
13.0689979547449,36.9253247290377,13.6365880974584,8.05560631964473,51.171335065863
17.8197394983189,44.4305044946693,15.5657814115319,13.4335958309127,38.0114200727113
15.2944552079721,31.4611143758625,14.8790775659329,13.9105862920041,24.8104683699474
13.4744041316888,59.6172066175466,13.1617719811417,6.90327912132739,77.3597391065727
12.9838421070925,51.4728009665013,13.8576446683062,5.03028332355623,76.0137207644094
13.0377579485846,57.4831528452714,13.2106364796149,9.36824778732185,64.5009688927748
13.3028928010516,59.7694633824455,13.0522008606811,10.4229078447996,64.022504347627
13.2543071037947,52.129997939161,13.7889133192881,5.56677748073563,76.6244445476372
15.0376825858521,37.6795736690403,14.4496797242613,15.6437259471975,34.1403629475948
17.2535367421261,27.4951079177635,15.7337892519257,14.8680998201392,32.8011713557942
14.3736688138161,43.3725410640769,14.2323657244293,7.5030163468732,58.3389718523476
12.7090751696925,45.6769157980704,13.7979129970518,8.00227787461681,60.736085988815
16.196450115569,43.5047635842628,15.7490088330376,9.55209265231833,62.3444897090068
18.4024566992594,35.2524241976462,16.54118465248,17.766840271376,35.1970213870112
16.2577072126455,32.6986651948269,15.0227967215845,17.6806502104155,28.48000532619
19.4180340819573,34.6789749240884,17.0074101091891,18.5506334643673,37.8008655174925
17.1012232305616,58.3694763764592,15.3735016726096,15.1823755481692,61.8376752896682
18.1072715892705,55.0432881123191,16.0410460895116,16.1327776567309,58.7455367698909
18.3656395541835,56.4176436463963,16.5183204186562,13.5153222512444,68.5661564697622
17.2450377636814,61.728402881084,15.5772677783075,15.7059312969186,59.4869835772285
18.9160935270549,54.5216602718922,17.0383225961913,19.5686732606165,53.2203307861285
20.7698551463285,45.7418531780055,17.3119594996731,19.2844707195404,49.77201906127
18.3153624452727,53.2490989201667,16.0714982571244,18.5913609827008,55.5015011168102
17.8544575744501,50.2377954912264,15.4504798100653,22.6137461089065,46.2614434090782
19.0826089610514,49.0139078361072,15.7681167505541,20.6811333322725,52.8758489383078
18.3287158491198,66.6457777296399,16.2669367552627,15.7131104967053,74.6196031284784
17.8486297615509,65.0433069722068,16.8840413878565,14.2529774754986,86.5895608506271
17.8860835688253,68.8606427031586,16.6824645140769,15.1808257720006,86.411347656053
21.0336798137997,52.9618885241903,17.9228908345418,21.7500091782468,50.2672670011186
18.0528253816893,65.9136974261489,16.5984464576535,13.6308287381799,81.724271746083
15.1572429393889,54.4941599210625,14.2289853739379,8.77239345862306,73.4776607623258
17.0660871254838,41.8648004439577,14.8259510940136,11.9668191429943,52.025856763898
15.8431367807663,49.564322387984,14.7947529649558,12.7468677192806,55.5263874311866
15.3183777446266,48.0357885110934,14.6581010256827,9.66846045710659,58.2506601012939
16.4212748192869,60.077665262384,15.8946414730538,10.6654659433942,75.4213172513192
19.9510287356275,53.217540616811,19.3214530783744,21.2021272554774,45.7914749550095
16.5053889604276,56.858833203795,17.4833805240374,15.6962935101419,64.3444238513353
23.7958949293568,32.0527950113897,20.9503125166841,22.8306748934511,28.7431849306873
17.8588171457773,48.298846315193,17.5574530608408,12.187270931418,65.5123712148151
16.8115551638566,47.8179762150983,18.1251371951153,10.2870268167039,68.6628813451874
18.3645936654891,48.6302830473431,18.9393444566064,19.3985823804762,40.1218667526829
18.1155072621768,53.9185700786576,17.8535545191093,19.9167501547233,41.3310675775313
17.734937296071,55.8199656118853,19.1811654196001,11.2090200523061,83.5580729397467
21.7790823618942,36.1568115377335,20.0336660982711,19.4834603364736,43.0132158013945
18.4806362809596,33.9387155401287,18.3868798222695,15.8452651126997,29.8323390635146
19.3165258448548,42.2188350061848,18.2087309214721,18.9521024214742,39.5070500791973
17.789281019337,45.2121372984782,18.5334513220184,11.6283593944213,59.30498489273
19.4299614916061,54.3803639315102,19.3704353856163,13.3535715889667,70.0819492058663
18.3255613351813,45.2251113429927,18.6045203419404,19.7904471957379,36.82240622539
21.2968945679737,37.5259587352851,20.3356174049105,22.1036371156145,25.9136707958601
24.18877980947,33.3004333491896,21.1587014256952,23.4062150517505,31.3819263180512
17.6498549210686,46.9618248249093,18.1307382276587,12.8021628838765,61.622846787346
22.0117252994153,28.6835769660899,19.8396311637809,22.2038817437034,26.9308060625677
24.1465439535945,40.8815415794152,21.6773998496675,19.7495511790727,48.8025953712983
19.1458909152379,52.1467302409205,19.5123008445583,16.3512013803448,63.4443790421342
22.6148753178082,49.4325214702926,19.9741113964768,20.3013098546478,55.5182156012543
21.2350242835886,56.5922773301223,19.8636190420584,16.2866566702515,73.2663070145411
20.831339925154,52.8322852219032,19.6918600625458,16.9196845402155,71.3960638056468
20.4733389763542,58.405605931818,19.6275016139922,17.52052757272,66.7820779415037
26.6018322280703,36.0041596354139,22.6787202556468,24.9927636956585,38.026071209924
21.1672330279142,56.9807553521945,20.8757568603986,17.4636166482989,69.4663540158658
21.7424392829456,55.9525047569193,20.3203502350704,22.3825438277897,50.1657430750081
22.4274985068782,57.3419401018984,20.8493263573847,19.9665143021021,67.3556971577111
22.8482606619413,70.8784876421234,21.1632353006064,19.7967478710056,80.2754467543337
20.0038193013392,52.326936280195,19.9840824856026,16.2935336405867,65.6488346384309
19.6341154564258,52.2789586380157,18.4937188540831,19.3996658708233,48.2672451178449
19.479469083841,54.4794103352741,20.2692224793535,16.8749579917971,60.8938929766423
22.3295143593192,48.7559687409328,20.0939402981273,22.0825153084986,45.4218096592388
24.5539668769847,44.2894042868679,22.4098443947926,21.2057229535165,44.6691821425191
22.2626627185083,45.4051864311437,21.5945547339272,18.2756724528176,56.1628337134516
21.0240437805336,59.868276687338,20.6788051272792,20.7181511062103,55.8513445044569
25.2825236805801,49.221385378534,22.7969999293788,27.3054745577166,36.8560826221577
26.6497419243223,43.9595937645193,23.0999585203242,23.1839193032816,53.5367143760972
22.0467842237402,63.0386835658901,21.1334166568831,17.1972482928945,74.4936995127322
23.9220982627892,52.9126416215963,22.2530861186996,19.4402174012375,67.0179945334179
23.4344407275259,57.106565186643,21.5102686270003,19.153111486967,65.3869628991412
22.8668371738827,56.3863972836218,21.599820646853,17.66676054199,69.8388601581578
21.7156741951777,55.7146050346519,22.0137691787682,20.4875523504805,57.4945041688384
22.1552000802292,66.6799293025382,22.1995817566206,18.0856044923108,82.0842389956822
20.5762380384431,57.7714968081492,20.9902434363123,15.2232007579389,66.4997505947354
19.7009332738965,63.8102512673507,19.1494427446785,13.3237311768337,75.3239318115997
26.6661090814636,48.5815779167089,23.8899202753406,22.9379205770979,48.0388993931613
23.4385138411745,48.9623548494132,21.6679320426276,19.8468865185454,54.9442065656313
23.9456386301063,47.7608288298051,22.0033151031026,20.2303417821232,52.5779043355362
23.8163011015209,49.5169202864916,22.2961503222563,19.6022717033832,57.7157881800585
25.9600917647325,39.458688825279,23.5422337758145,20.3228934934172,48.0583260987055
24.6958434629425,49.2468294550918,24.5359078866648,18.8721750544468,64.0838906100808
24.3317600287889,53.9544814029751,24.1289330208018,17.3603957220727,68.5873660817522
20.6930942631168,59.7746765324782,23.1183430700363,13.5508412865267,83.9598225893201
27.5600484017509,40.9812166063767,25.3256686842151,25.1800969420252,40.0960881586949
26.3927521727129,53.8775718581513,24.2935695531052,24.5983225854923,56.3562123474162
26.7146644301091,61.2489610193517,24.3645004857927,22.2199725218963,71.3248945307249
25.0605938623373,57.2176689970568,24.829379223349,18.9192396958072,76.8174808579322
25.1039233363987,62.6694812720228,23.950794215821,19.5803276259066,81.7055938979129
23.5746280395308,63.6693804801832,23.6705133277479,17.6537400370622,84.2673832376246
23.9004370757492,61.0008918418783,24.0025667229829,18.6706081481555,82.0182326944558
24.1422300965043,61.4967536108979,24.6138872498364,18.484066539708,85.1918939713956
23.1003986072603,52.9450109014597,23.9634883287569,16.9302289965726,74.582985137329
26.1634300480976,52.4048894642344,24.450186488863,23.7345275828687,53.9701902044958
24.5451556315717,58.2160306208638,23.963220158266,19.7639993843455,70.9406554562629
25.2243891274866,54.7384708179913,24.6377567968763,20.038663481175,67.5241588734822
23.9219335222919,59.6675057522124,24.1975987762524,18.0779015108681,82.2737764260596
23.6537497568409,61.9820083065884,23.971699348933,16.7230369500454,84.7047522035379
23.6296044343141,57.4400206754981,23.4827641266154,21.2942597104531,67.1026177958527
27.0711275793932,41.305595320543,24.1723668867398,25.4288795139774,41.312332909685
25.4198163663587,46.6297780696044,24.566847462782,20.8795161364393,55.776286793828
26.4576775579154,43.2639965987093,24.9764783104097,23.9991547271283,46.2367154253935
24.5124685353163,51.160470283784,24.5859971316716,18.0293456141144,66.8310046868714
24.3288259941268,56.1150148333378,24.2912523121921,24.1402607974834,53.0237843591231
26.4093381022286,52.9515158037166,25.0597453553977,20.8636694339808,70.4207985453744
24.7824187909617,66.5105881214118,24.5627245861619,20.4926150115284,83.267327845715
25.769131383036,54.197622389555,25.0553902505036,24.7715378463492,55.9265039293827
25.179439332186,61.6941372561528,24.5881390248189,19.2264620728731,82.9184682405257
25.6443565367703,57.0503426026222,24.7552440504195,22.5945760917452,68.5688635184373
27.6392664386216,49.3820590264746,25.4219426413131,24.676550394442,55.432521467914
25.495810790761,61.5831585605841,24.8145879895352,20.6849990475109,73.4618363182742
25.0782629588685,53.1084971645962,24.716090508667,25.1249210395091,50.2062964619171
27.4458045357855,49.8237679080587,25.5317625882856,24.8970206044106,55.8114431834334
27.9902709459082,45.4016886117446,25.5040939003473,25.9011925275105,51.6755594093906
24.685697079555,55.6498805702959,24.764936743951,18.5605216602165,71.5564888319512
26.3640434326061,39.2521807724353,25.2123747895616,21.415720408383,48.7523211466662
25.7192121728953,48.754341067251,25.139859476666,26.5519492392635,39.1306221575943
28.1920785127155,43.414827311752,27.0989258805351,24.1136555554116,54.9025136637412
28.828037846425,37.0553564347057,26.0947583201502,28.7312525064387,37.7727776179884
29.288804735386,41.1636255409797,26.2273764167201,28.6348519779838,44.0424868159814
25.1708145106829,50.5097442698275,24.7523210940348,22.4664458277213,53.8710883294371
26.2797411753732,59.2548467466254,25.4378241331737,22.8121989830899,70.2353242351998
27.2604183888723,67.4778478509055,26.3874761299068,22.5277403605017,80.0232117104365
27.8312737667554,57.1716042952465,26.8833572666271,26.4060796254452,54.7619213592961
28.5763222565536,60.3804556929047,27.0709166609457,24.3970472738818,70.1875550021316
27.893977873012,59.7181785104809,26.3921137777519,21.6135893499681,72.4916924278885
25.8350290995028,65.1009180110248,27.507816249189,21.3038123123592,82.3914356972956
28.6666140066935,57.3540279376747,28.7225245240037,27.1639182361267,52.2268565734123
25.948983722722,65.3284153162116,26.9916555613014,23.7105047942358,72.5422081492457
28.7705266040345,59.6809515221079,28.2275235301774,23.6261026351577,75.4111360841119
28.8039352755219,52.7661822102217,28.6685815591264,24.2458896417717,62.3762648746144
27.866069717135,46.0527858779384,29.0635462257503,22.7670903108484,58.1236849642282
31.0342496039123,41.3414959857376,30.2282287832507,25.9867624353078,51.6312437812029
28.1489090555538,46.2057406839701,28.2852979030378,27.6896277108882,38.4663980297148
29.2941795663178,39.4009630462885,28.86464416193,24.7975452777264,48.5170791685591
30.7545416346612,40.9859860389488,29.8933469328624,26.2106907848184,51.9557262988546
28.9491713187828,44.9386850812921,28.7462082013323,23.4172687461641,57.1227812024673
27.3469211725481,43.3946316315397,28.3044430629545,22.4163496323498,56.5603193057705
27.4974764828244,43.9197584615297,27.7994424004598,23.784684694808,50.0961661429418
27.7611564693651,50.5923270928915,27.810849595738,24.4172783851961,52.563398634
28.2578383804531,48.5333457835624,27.9503250574825,24.6560702722571,53.9173842165913
28.7735856716328,56.6649875701801,27.7307988805481,25.5109242110978,61.720030209315
25.8479761327377,64.0118402904112,26.9677928875424,19.8965280779571,81.3898235393921
30.8041974324824,49.3569960868223,29.2892038194144,27.7711112139989,53.6495563655196
31.3119581300776,49.835844894062,29.5370981460581,27.749412276385,54.0049604155445
31.5668658730589,45.5378082659101,29.4398615839124,26.8327258228351,58.1449191916393
26.739115547833,71.2448636145475,26.049967376257,23.1904995776395,84.3978878641175
27.3272591979881,65.6489344671051,26.6001119416294,23.3773110922027,79.8966291140674
27.3142110278706,66.8847699781066,26.9463137189954,22.8020749673382,83.7244473564917
27.8184967232233,65.8601453699923,27.3982132679807,23.2056844663862,84.7771355428804
29.2823160600932,55.9347058358226,28.4422676471915,29.5060752247132,52.2996277375147
32.2713565820393,44.4669773514553,29.1844480146036,29.1479858456211,47.4182520467255
31.3184993085132,54.0188322177885,28.5092920201042,28.0860339906584,60.6296250447794
31.6690077424882,51.3956912641355,29.4285711725844,27.616993600248,61.318261070165
31.081912914058,53.4079572914684,29.8883659279585,26.5541173744967,64.9403164299018
30.3066087461593,58.5588612038754,28.3084628911846,24.939332893324,73.5646743084765
31.1582349625758,57.9737473770326,30.228948104976,32.3444003957484,49.3877974289087
32.9892457661103,48.8614930558773,30.6035221527415,31.031376115215,52.620101932577
32.2965532270574,55.7161340690687,29.1886496726815,29.2082451682413,64.5706232302828
29.7663736739514,63.1174354277581,29.9536024025622,26.670972513248,69.2403069833721
28.7666163693554,70.0121796551218,27.7246423768778,24.3822988688337,86.5621617588858
28.6986367969108,68.7410981889046,27.8033554804052,24.3777786595242,81.121795409412
28.9595374861532,65.268176256421,29.2469689110961,23.6293764996029,84.6464105072405
31.2901804029501,61.8642936278319,30.2939747712383,30.6546320146379,60.7136793330848
32.7293194402029,58.1744911465789,31.4190732648597,28.3488689297626,67.3993526059113
31.8667922105425,62.1088609447538,30.7982809408767,26.5276254570732,75.8835343301225
30.8118647640812,65.7427873123831,29.419399052684,28.1738487342903,69.8552305553713
30.7749224604355,69.8962113117881,31.0620601026583,25.8250626817149,85.1168338074113
30.5759983052987,70.6286995741977,30.7377094061374,25.6586296738709,85.8416052372845
29.9131848919409,73.6113507538071,29.4026873556714,25.3244329834829,83.9870942361092
29.7581804205074,77.4992691669191,29.1822300106122,25.817558437325,85.207326156549
29.190421367685,75.2249987673255,29.2129909843929,24.9852349923357,87.2637781360182
29.1351409939531,78.669473059429,28.8140781530245,25.9635048334895,85.4461635744977
31.6861033413019,65.8818538780078,30.9383780253543,27.9114708544535,76.4615637909026
31.590550938856,66.8965094644064,30.527861594494,28.3277286582414,74.0296680432898
30.6649710416796,72.4899696534751,31.1806327892481,27.526425540591,81.7845540163936
29.9336398494051,76.2489089392877,29.4037588422288,26.9036988704322,84.7293044132714
30.3273891614121,74.3646744036993,29.9407364455031,26.6955720366708,82.6824949704122
30.7986497370893,67.9626891450149,31.0537737073515,26.1594233099583,81.3818670560941
30.9913778501409,65.7487737380841,31.4239853266599,31.5183439255164,60.4776803469947
31.4592643528715,63.9664216465982,31.2918919541991,32.4005275062528,61.9179071809682
32.663131611629,58.1516720588107,31.8288097698498,27.6471969385198,69.4805486151934
30.1122230421706,64.481592128209,31.1956076563094,26.2095919494285,78.1550473393979
32.7840962322936,58.1479761739611,32.448976629551,34.8535992008428,53.4685241919306
32.6707877249767,56.376578823814,32.1337256609211,28.3524403549161,67.0106610742321
32.0191096735172,64.1136597468571,32.8299104209495,28.0188206934586,72.1212539489594
31.6135973312781,64.6752019006445,32.3391662315449,26.6820659392203,82.0211885680881
35.4432949251203,46.814824322216,33.6214259424547,33.3981320014405,47.3055380923559
34.6714417089975,51.8721007708796,33.8155967132388,31.3713204073786,60.209718280616
34.0276871679278,54.0246048107709,33.3125323985172,29.624051387757,61.3556698533283
32.282787123379,55.632735376867,32.9840677482379,27.2551216947855,66.0306988619782
32.0637437526056,55.9727756394125,32.3957415173963,27.6907475206733,68.3215721673346
31.2772746685713,67.3009686451516,31.6852583301073,26.2639752240594,82.5247380704056
35.9502420358991,44.8828129467993,33.900185224679,33.3628687370223,47.7866894821946
31.435802662837,68.6310668975967,30.6243707627733,25.0865071396431,85.8723064771683
31.095072092812,68.3724564610066,30.220244348175,25.58385271112,84.7566089218307
31.0862237072599,67.6949602417269,31.0416445814814,26.268062616336,84.4459043298603
34.519474365438,50.7195197197823,32.2186021984382,32.430666148495,55.9164157134609
31.5603457658678,61.0439049887791,32.5450765489839,25.8428267145572,80.8235598029481
31.7426317768905,64.6188061716221,31.6631037185349,25.7517119981208,82.2288679200395
30.8349257914066,63.8810577203937,31.1144566327818,29.9314047963732,58.2119031802533
27.322605417317,61.0780586395027,29.0954752008749,21.4454438344869,82.3763196493408
27.1776501734862,61.1362631774309,29.1377386593986,20.777564191244,84.5220012611868
31.2934367569155,58.1420559031696,31.5060703105499,30.8187972158242,52.3797706875323
29.3249537033529,57.5633370754578,30.199567212198,22.6437988571283,80.3125526905574
29.8827269762496,55.5152611288857,30.788734643905,23.4427426442929,75.3032810583168
29.3235417786113,61.9236844340924,29.6254822630923,23.7921059465829,81.0063203077923
32.1658495457974,54.9241264242891,31.5111140474669,28.3955996418745,64.1053377959384
31.9087291899743,58.1719755039321,30.8965324432541,27.0468955309365,67.9107304791882
30.6229735449902,58.4744740800263,30.2952241112875,25.766158938787,71.9052360845826
30.7980357045942,62.9871320294374,31.075996979496,25.846923658563,75.1958336466188
32.2849082916522,47.840747450615,31.4395738751683,28.6823093248319,52.5085794884993
31.794730941078,51.6362020206457,31.004271484449,29.2245273010934,52.8100192068493
30.891481782513,52.9841989329269,30.2934555599863,28.063759573674,56.4093681752484
26.6942462001713,63.2711743688032,28.2365634681877,20.6675749984268,84.9933020614468
26.4028154607902,61.0871152133715,27.3024221997831,20.4118819093751,84.4767772994108
26.1106978224394,61.2089259884682,27.1936963834683,20.3235667039348,83.3943225531371
27.4835143475368,64.7203518737953,28.1646022493758,25.8446107655583,63.5292877496181
27.9824603096868,64.9629724526889,27.9178087697024,23.7453130918755,80.7933822518069
26.7669303897628,65.1069818385758,26.4809387676938,22.8341047497856,73.2795864876241
29.2201556084623,62.9705328150235,28.1578338866369,24.5958621310496,72.959161779411
27.7220246861627,55.9455489353824,28.3869653143498,21.4027699031234,79.9494057702932
26.6130883648651,67.5005092901941,26.1836565624941,24.8176000288642,79.0934772923
26.4470037990049,70.1365625530561,25.8134791555492,25.306839875819,75.6020646830075
26.9997382568882,66.2880464901523,26.1585288142364,22.5456647875341,78.2655194630265
28.2648074345546,66.9458499380615,26.60742078036,25.4664844184099,77.9829565740788
28.27542555193,68.176716225047,26.5539066523185,25.3287849766085,78.0505761153935
27.5558981489117,62.8506096402636,26.4983816700191,23.9576895781398,78.7305285103685
27.3968454462536,66.3817895656199,26.5649131857849,24.6096715239443,79.0543369599022
28.0113364647024,62.1400615039141,25.6059793286421,28.0159648028681,67.0323241914441
27.1878979998437,67.484061836688,25.9687545692171,24.4820701306716,79.233177218948
26.9247675288912,68.1523732018263,26.0680456439927,23.9571792146306,77.1784246521862
26.8814139346833,68.0035974982391,26.062398776514,23.987848076835,77.2938403208667
26.3762812648187,55.0539834954894,26.09492084517,23.387253598581,64.1442589818634
26.0706473220717,53.1776470480297,25.3088179769283,24.0841449488107,56.8525727803723
26.1914418914864,50.3138979700562,24.9005174406914,22.0295452508813,57.1298939215683
29.6804550853054,43.7934090833,26.8859131285434,27.5795032951521,45.8882992949586
26.5965488509703,65.8429996867868,25.5148509664301,22.7743427445005,74.0897186699
26.0717364321978,55.8258009936796,25.7469201971774,21.7156616999375,64.8270703694117
23.4365544569174,45.9749213680925,24.2366089355372,18.7622138708529,53.7216273182754
24.4749015460661,47.1028244565332,24.4321421955387,20.78288490633,56.0646203109885
26.1627832148662,38.1707224843942,24.2062373579624,23.8055763103925,40.182908297771
21.5113105763033,48.6190699143945,22.2185071697196,16.4743399341237,61.6674067595498
24.89469087787,43.351021469812,23.9956752086181,23.8619438492069,44.7198685158622
22.1693787241613,52.8865531262569,22.3458086725274,16.68097324386,69.9095412447114
24.9862236205027,49.2137445547935,23.5917206906762,23.9427492280121,47.7977297202639
25.2427908615282,58.9416412275907,24.0449691636991,21.4043717566337,73.7687357463451
25.2101454728183,56.4782269847829,24.06026539509,26.4960572566348,50.1815625897793
26.5986477476342,44.9882817935993,24.1763976528318,27.1733941606608,44.8647277207737
26.5879012286709,51.1542889265971,24.3992700453668,23.0992912816982,60.213060419382
25.6028488816759,55.3907366078668,23.8985068886194,20.6272462633363,65.6698105593803
24.2894822508108,56.883754862213,23.9687320191078,20.0202314379306,70.2884765635228
24.0206562975235,58.838838950233,23.7333728975825,22.6300314292289,62.003103417303
24.3173305692302,57.1750089913165,23.8864344963763,23.9843214412593,61.369912937757
26.2494846842666,42.3303459064832,24.0156069583152,27.632649450141,36.7270135575644
23.7869174222269,62.8422784111312,23.2398141626281,19.75196564823,77.7235413888818
24.1949142203451,63.7019625243539,22.0241007763465,25.0515202889894,66.5309250351827
26.1850084000776,58.2312323241863,22.4052834943417,23.3941339839301,64.9373743164167
25.3767238074446,56.4640743304939,23.2096798223951,22.2845522677839,64.5406499302308
24.8912206780132,63.0265239033891,22.7354180848938,22.7803319323582,66.5350161120035
24.0110851572046,64.333566442703,21.9606953409733,21.5810739364028,71.4069209448359
23.5983845214447,75.919584424635,21.7443427512375,20.6028091426704,86.7600613096037
23.3747786732074,68.3145433676063,22.0147544421111,20.0234620489163,86.1647807723499
26.6738361682321,54.6851635052391,23.4116070388438,27.7361449713697,45.1617999027951
22.8117188924771,66.9181930777331,21.5343241864742,20.0308977552435,82.8956079092092
22.3383247881257,70.1256078543817,21.1816898849573,20.282850630069,82.5154904538079
22.400493125771,60.6971321824463,21.3650386538503,18.7796832637079,70.2498935505118
22.8541158475288,56.0304444381102,21.1510987261074,20.6236574118728,54.6676030733231
22.948089532698,55.9998882791529,20.6923580856466,19.7925885161138,68.6300241272355
23.6464580011212,57.5466603441802,21.7986327053566,20.0507486252291,66.2725948383206
18.4100639898913,51.4657137266919,18.8574011211686,10.7630199833954,70.0746211404418
10.0425490889116,42.2086037117481,6.78500006811304,8.22613525840809,42.4366129281124
10.9003809482218,68.8635870928869,9.04438753895511,7.27568047366263,85.0066644466638
9.91305031260019,78.6214627075986,7.04960503555027,9.51104604150548,82.2262983024453
10.3963403707016,79.4672192347187,7.74846812526903,8.9821575935471,86.0854105128148
10.087651283521,81.8526039976215,8.15564633794107,9.03073816298448,85.3618730130038
10.0826026568236,73.9611858912266,7.47380297998314,8.65192909241108,83.5910925139636
10.3739737109406,78.7126034196928,8.1147835999615,8.32908851734192,80.3441024270392
10.5423049244337,74.7999208542355,8.40177348095946,9.12492676320197,78.653649766145
9.09188205266294,58.992661087868,7.35146219884646,6.71675780410652,59.2469065543051
9.42620289658701,57.6027260279162,7.33359859963487,5.12321633210015,70.2094822687911
8.08398653309433,50.8908350586279,6.32071242058969,2.24363607338017,69.4727685437614
5.97064111572007,45.4131581864646,4.93221327425141,5.34010411998382,46.3580597724797
6.44323650498896,50.3681891132259,4.83471800034084,5.63720334684283,48.5258471328429
6.75637497234098,52.3858019820254,4.99119889610991,5.14159397386023,50.1668467350749
7.3817860864146,40.7896097275428,5.77754844067264,6.08225980347772,39.1902053061629
7.43053671291838,46.5705585419487,5.39872232490835,4.45139727052685,48.8271035550383
6.97132199512366,48.6635221496448,5.4244107043504,3.94800834864509,55.2215195836351
7.47103912917612,44.9795610770371,5.76203726242586,4.50976214135628,49.1973937976514
7.43723152000986,43.2739897966366,6.15111534880249,2.64619045140464,55.4272208068873
8.18562704993209,46.98227783034,5.90301917550071,1.57301617588107,62.8883020809324
7.65910260766897,33.9867957230022,5.93457384910302,3.1376300802624,38.5571183565357
5.18732769936204,46.5363898090446,4.09665787684157,1.78652992210616,52.024895417242
6.11991252635994,33.8680956151318,4.70619619920176,1.103271698829,42.2833296520206
4.37586369895991,47.1189841945785,3.5317321231446,-0.737106384034817,62.7523313102975
5.7495591487801,40.8188021999683,5.29392653940845,-1.47959965944644,55.4528499402996
6.3679134540539,47.9203310146232,5.30252115689903,2.32744479310309,53.2239272463625
8.4142377761202,53.8833153608843,7.00596101468175,3.07855147484405,67.4708614829847
8.20267337395088,53.388129701465,7.61189984086132,4.45092941754851,65.1317196294806
11.0611948285939,45.0160979755017,8.3306858168315,7.4979948030574,48.335662213357
9.23142712232693,53.2392060328451,7.06129873884255,5.21757938658768,66.053143551726
9.01060832872446,55.7378950354652,7.6034099734528,4.45063497657284,71.8632107897611
8.49464070319813,52.786141331206,6.84457273696998,6.0184604344254,55.6024466225882
8.62665580564544,42.4669940334818,6.90894826257842,3.02869831226928,56.2794728046699
8.21215797806515,50.3780107472606,6.75934343110446,3.77493073760898,60.6659645595391
8.62866482925838,55.50030963749,7.14256202313615,3.4613497406528,74.6237286731861
8.00212736787984,58.6947041572717,6.74071087580291,3.63699126826018,72.831102499003
7.74980125952838,40.1115860743059,7.29936543369758,2.30272203817687,55.7659817286556
6.14899689563633,47.1917248259632,5.87604854294828,-0.689140647572113,66.8019457960765
5.18356334374209,42.9253094571347,5.28372913698257,-1.60392508972279,60.6831695795602
8.7688736083256,41.2067741423105,7.35408154184531,6.27234280593341,49.7444071762294
9.5669573409252,62.1679788114873,8.2535851981717,5.92403481930367,74.1660522765544
7.41962774105232,51.3273852386598,6.2174014352453,2.94007626379706,63.2259117246951
1.70760443225222,37.6268804471205,1.16131050579168,-5.2019503382166,54.875553099517
2.20608762403434,37.0777559911577,1.43109920059185,-1.82546501238149,40.3054983143704
5.77492108131627,51.3032024037024,3.0821967732208,2.2486396261255,58.3175503354262
7.58307936505285,54.874155707125,4.43587189218468,4.6476383789108,56.6398725817195
8.4000287423748,54.2299945934025,5.58203917614732,3.59096394800824,67.6555565260629
7.07193478903072,34.8452717423615,3.85359832051129,2.53610066481894,47.7946234042903
6.94436131850671,59.4037274338215,4.56767662661958,4.16746290726065,66.786549681873
8.72569005555963,74.6034561401205,5.60932512447707,5.10404842321935,88.6315001157927
8.90908804384234,71.272574335477,5.81605250710635,6.05323948441027,86.5393151610186
9.21304760917884,74.5065479776665,6.48412237674376,6.78314128571768,87.2440630427729
9.4170355242939,74.5065479776665,6.3419599444557,6.82212230184586,87.3380249197182
12.4969562331458,80.4733171203472,7.96527618268619,11.9611440780512,89.3406460020499
12.0564655402965,79.260129971044,7.73579562985488,11.6872185592745,90.6544463199756
11.1096135884123,78.4707583658908,7.51478342973782,10.7057293417481,90.5346296980023
10.0841167244271,81.5823557799297,5.78438495141326,8.70110962132085,88.7492026258469
8.00965474587759,66.0345191172524,5.07672632182113,5.67868865573946,74.9171280294893
7.50110781854644,68.3234165348149,4.76799283720969,4.32217781923551,81.088177814306
7.56430133699179,66.8842627611512,4.87884990845761,4.69819458314182,78.3811732763355
7.19293078517184,68.529530310622,4.52752961536369,4.40619802048872,76.1240259112565
6.87961059631519,65.3696914440556,4.31045176299529,3.87870754155562,80.5791960666695
6.11154625814896,65.2755277805635,3.95271090385033,3.67715898723798,75.6756910501314
6.53779106600917,62.3292550380242,3.96482982103575,3.63041478018102,72.4714795733019
7.03799998786113,60.0236895105883,4.60921755192447,2.95517778830758,65.3818916149737
6.79905132756994,51.1927064164732,4.77983675456263,2.73047543873119,70.8330897332433
6.54385865639417,51.6000109485037,4.62443466419898,2.54955487918021,63.4269236047163
6.68081580509025,48.8274795269282,4.51314786500225,2.56515249099315,61.8111833038217
6.1270832379977,47.3253585713613,4.27418314893991,2.48568641744125,58.1194531246939
7.1321889775349,48.7176257737855,4.90787164870456,2.85907216671674,60.5776925227258
6.63581057303687,52.2826160848953,4.47790376564377,3.11530370562124,61.5300787571676
6.45484531893237,48.9579427010827,4.4625652162716,2.07976825839146,66.083455792846
5.93755772860079,47.9190692404065,4.45263868068062,1.41892371797977,69.255587593016
5.469969719763,51.6496533762913,3.99285842696644,0.479028913578887,72.2417361298415
4.96063394904592,50.8877854632172,3.94179217511508,-1.32021917846116,76.9936201274109
5.2939065755508,51.2365319735711,4.03138792111452,4.72879627130109,51.3147668738313
6.70219959896533,48.8987973070359,4.80790961087926,1.98715252781674,65.9980902100614
6.16295686843632,54.9367814416957,4.12166330935901,1.05088057381205,76.1062869534784
7.05767367830483,39.6599760107199,4.34959406898528,2.37545507574144,47.1378483922434
5.2197490322953,47.9198452282424,3.44214551580606,1.89462699570505,53.6518320425892
6.29255753064818,46.5907663893378,3.72809727470475,5.1844938339199,46.8339099216071
6.0001344814687,44.1792700461588,3.80216245719955,3.68445159601263,48.9154803285004
5.94524778695056,35.8707557321426,4.58659212276915,1.49261174519747,47.9575535750613
5.81546653899004,45.1039144071793,4.88442985520228,-0.699170513785233,63.777693280939
5.76009098128372,44.1956428830081,5.07643284665191,-0.319070572221871,61.0510432752638
5.57338358573938,44.8607534533246,4.30138400030277,-0.499917786014791,63.3096369601082
5.81109420627092,45.4590419376012,4.23489718766388,1.63968074892653,53.2528430075537
5.94237747376247,42.8737109625403,4.35958005159802,1.04608770339927,55.3944100938027
5.05868009603339,40.3183235776942,4.31888826973882,3.28661008339268,44.4544668676633
6.81418625290829,33.3611639728706,5.00530450762587,1.77145457624696,42.2365188419331
7.84604530318084,47.9299957312118,6.27870307076321,3.45607271410595,57.8652765866765
7.00365744947876,56.4096266719983,5.81125205766182,1.92225985986116,76.1162485804815
9.12073467329097,49.1259544985228,6.58132128659331,7.7319112943706,51.3380197635934
7.92216165346373,52.0531500354472,6.7345995753141,1.77858979995191,75.5359200372052
6.66695234725503,56.0786810320302,5.3599478195874,2.16268819783508,68.0499579162134
8.04632654940337,46.4191156600394,6.31285375826409,7.82318926796291,41.2262077061667
10.0780964466701,46.2694103861062,7.62982682702293,8.36680914268667,49.7396993764419
10.2551119228063,41.3602416393626,8.16739436415475,7.60838845088849,51.0028450310226
5.02610147560825,50.7654544882725,4.61238274421278,-1.39247427263655,76.1632296960908
7.49153670379043,58.7242924105658,4.90984555644669,4.37865692440383,67.5590698083563
2.85518392724447,45.0554099228264,2.86503903312871,-4.1861920681599,67.0937950338398
7.26012206500612,37.4993974767157,4.11482704435246,4.73596276697263,39.5586640399986
5.1827549297755,42.2887223740956,3.85014136155013,0.344209130264784,57.4525568252495
2.38311607768822,40.1604802005756,2.26432734929934,-1.67236407971842,51.4639253901996
1.72178807534271,34.061219926059,1.87553083742106,-3.81940266704162,45.7320590319221
1.39032740710928,30.9945713731798,1.24212865344186,-4.31789085098241,40.4592234616353
1.43602564894071,31.7003505382079,1.77505957103212,-3.96559216247389,41.465192724184
1.2069865952428,33.4913474485477,1.52186752800815,-7.8318855724078,52.1675792367823
3.51523381242276,30.9994925796844,2.6249301476128,-2.4848344115477,45.5492656521047
6.30430206201981,45.0526829923365,3.91660424823638,2.72956340623066,51.4864844836578
6.76768509721048,45.4598780822265,3.97378222121818,2.40550609012942,57.556418601228
6.51071969759017,45.7321965206277,5.23541668255108,1.87149543880349,60.3034547710104
5.16506864658456,39.1185483470246,3.12697856614927,1.01546792969605,49.6810302848682
4.3985477775819,38.3335988486791,3.57354399292631,2.60840387510255,36.833636234819
9.41842256279166,40.3033928677009,6.13832836017293,5.75633499159904,49.2563108255075
9.1730681503177,68.740899519212,6.37903629900638,6.5243291335835,84.3803238764689
9.15718069429861,67.1473572970695,5.82272083556016,6.95032464611238,85.5535097906928
9.53041380292923,68.837766710093,6.78153787402456,7.1290505622195,83.9453631838814
10.5715055977171,63.8203763266402,8.09357465505402,7.19555591464096,83.6408735650966
10.1062564248394,66.0587627233077,6.85981997298922,6.44447990993703,85.2280640707195
9.82447434827954,59.5362191780715,6.28371274977384,9.27632303847328,61.7890350595938
10.0819384333262,52.3764054187823,6.51295978198088,9.78230073229042,62.6097272596599
9.92507544292761,55.0119105075462,6.83091266783218,9.58538748147744,58.6805621867332
10.8948444970081,55.6985520139852,7.38257866577135,8.73248729528102,61.6911750203125
9.1917835502302,58.5247987699398,6.51449291605318,5.66169809114935,74.2831394961593
8.60676908772037,65.32646563856,5.99795073446536,4.54558122463063,85.5132509038959
7.11436842264223,66.6439025544108,4.83513672619355,3.31026235656501,81.5377441524056
5.47686529601504,57.6999179929871,4.62540078858453,0.454305649101596,69.9867945960379
5.19835484348635,54.5327069421169,4.28951235774449,-0.285596837983773,63.3991099714436
5.01180031026518,47.4276534251206,4.27281691317004,0.0254974617205159,65.8636257388571
3.07002235995234,54.9886096106687,2.75329260015894,-2.17656178201602,73.7590318499368
3.66237176479645,45.1254564784128,3.68642066389323,-2.63927596258039,61.6244403345789
4.24519652815272,37.1901089482462,3.8769196174863,-2.76009131994861,56.0968659859744
9.59526083703727,49.6192790663748,4.76258438608493,9.27090382216568,51.3360544008434
9.74703800589294,47.6967661510113,4.88544875966994,8.23936960405426,55.8432286154881
6.38487055727842,56.1644009496392,4.7170508083969,2.06831147525878,74.65591863057
11.048309336986,53.739848489367,8.03634559344938,10.2956865750815,57.728500832551
10.3863362732678,70.6557735285538,8.23655030245047,6.7298593515232,88.9204304054699
7.8716695411204,35.6423992325036,5.29586839008727,4.25026872232957,45.2946245494222
6.40170003126506,43.9791886342796,5.20805756269623,1.63554269092346,52.0074111944703
6.90943339505086,42.6802026716714,4.89313588084149,0.753396104153308,62.2377009262263
6.28206999318402,41.3372019410483,5.02870572160022,0.627922158718074,61.0594145593592
8.67401933858092,37.7794772563786,5.51440596905149,6.47401728632427,40.5498238331203
7.38604994879091,48.7692340323719,6.95999942212171,0.0123266047530961,74.9019179677452
7.64173154904812,50.3672373975892,7.07718627766559,4.8649961241565,55.6984640803859
8.91062155740284,71.6010253422035,6.31377614847829,4.74719325016721,86.0450677485912
9.89015739432822,74.5097219404204,7.40788608403192,5.52822150434632,90.5459544085023
9.45517399950362,48.9101605667986,7.76972557695799,9.38481166598714,51.808863551219
11.5088980441816,43.8563621609493,8.41245171355691,8.75648762993348,55.6200398058979
10.3659745680442,44.1888153394874,8.09752352984131,6.16654724723085,48.5535505071422
10.9022650202972,44.1110792356024,8.94588827414186,6.02102293426985,61.1344147983755
9.909448984028,45.6029220888281,7.5856057073555,4.86230657242232,56.0002400181702
9.54420486813749,56.1991951201376,8.00109874119775,3.75325578729673,78.3561902912118
10.3840040768929,49.9265153944494,8.49891665582613,4.81411218172584,73.6508517342037
10.6321579586786,53.3891631457333,9.5726052807872,4.50669400587845,77.7146884307045
11.2519495141289,32.4135345406613,10.2858974167626,6.23218998328554,37.5971446565948
10.231042438368,40.1643755615845,9.06389863201444,4.24332511991188,59.5863438955858
11.8712816640167,48.1341819859014,9.1436241309767,9.214577247455,54.9850663988765
8.65677204939732,34.5301407064307,8.77619572765938,2.67484793289179,47.4329643267281
9.86552950074559,29.6818313121981,8.99868568124597,5.3900538959525,31.4640933612119
11.8904391089779,33.5170710336161,9.69856629950625,8.24045200794104,38.4098905182545
12.8607071702253,37.4705159929712,10.2215956448821,8.1289465143111,47.085704755794
8.9302723845833,42.421618308337,7.7742150693301,2.50367032226698,64.0638714149399
9.14901604208363,44.5195538961348,9.51589615052632,3.87008747045414,63.798271987721
10.0880230244572,44.994892318411,9.14147441756712,4.16617557165003,69.0126639506245
13.4810494300554,41.1298849897424,10.5938829895524,14.5755509216703,27.8929317157876
13.8937233560648,44.6910120388823,11.2862376091885,12.628561667909,39.0045618892362
11.3006930401894,62.5088238599763,10.1732442227022,7.39594339033994,78.7446972701706
11.3534290781308,26.1421430128791,10.1679740585364,8.38824559013717,31.2314716216017
9.17425544836111,49.0276024414824,8.3881839621291,3.36879012560497,70.8476277852625
8.39772053121631,40.7380759670843,8.59036758852621,2.16209084741451,47.4436885718205
12.0772935433216,36.0525195625097,9.32428874521939,9.46233562012788,35.1435017752744
12.7495678216768,39.3164706942821,10.4883968604013,8.09765852982323,52.6340721676409
11.1052628411665,50.170677256566,9.40587928586156,6.15463142562627,62.2598234673382
8.18055650776091,37.3205868415869,9.22651697686399,2.59709167786163,56.3014773198
9.60133752130009,59.6496055275104,9.04276313482674,6.00810912230419,72.7662441775613
12.2341939298744,44.7431456046602,10.0911835077317,8.66892942100622,55.4069707065998
9.66137688330797,52.89244030469,8.97586072836082,5.2643787789909,63.5679856696447
14.5872894886388,54.7604412993196,11.8145556343965,15.6892213944166,49.3794796927649
16.3527385038715,52.2951248312024,11.9245005369433,15.2295292553356,53.8778108911409
12.7773773105275,45.1352928492681,10.6694783237149,12.7495026641069,38.3362407280747
14.225186792302,34.1168308463233,11.5000750763692,10.8140767131079,34.6669209346022
10.290287141296,51.6909077314072,10.107965744645,4.13453752179445,73.4883046930335
11.1209393987452,52.7008899980429,11.4312990940739,10.2211841225725,58.2844685671479
15.1412102849897,42.0088639467726,11.4148494496407,14.4779758369196,37.0834517213744
14.4271234732878,40.7998029671575,12.5838327985108,10.1983336968796,49.9752028749881
11.6048042214965,50.4533743042522,10.512461901006,13.071019742519,47.9282403663778
15.71585910011,55.9442735938854,11.816782793861,14.7478044777509,54.813186312503
15.3869560831268,76.7419888364311,13.7684980700852,11.1840856052253,85.9850758293012
12.1962153967758,38.6362412791301,11.7278660207311,6.75582046268108,47.153566033822
9.86423064747567,42.7576125670681,10.107768028198,1.84469603561608,68.6208639297041
10.0495230088443,43.3457041496733,10.0663104171446,1.01071951222364,67.3391958846638
9.97941981614026,42.8884835305415,10.1886449541959,4.27337544674347,55.9166809549853
10.514171519444,41.4908167158462,10.3436517023644,10.3591787836868,37.8703852179455
13.1282911672155,35.1260957687461,11.2663638583458,8.85111460501129,41.8583479152433
10.645743923765,51.364934033388,9.88967823495576,5.39139314794641,62.4879532512487
10.9485705644794,48.0797912432396,11.3576401946578,4.191927894254,70.806962195452
13.8537353815498,41.7860927286807,11.641695560682,14.0371799265103,36.3515971453669
14.2294647709945,36.7552180003219,12.6097519027303,9.18340843962154,46.5782672576803
